keys,zh_CN,en
UI_BOOTSTRAP_TITLE,"《我在宇宙送快递》","Universe Deliver"
UI_BOOTSTRAP_VERSION,"M0 · v0.1.0-dev","M0 · v0.1.0-dev"
UI_BOOTSTRAP_STATUS,"项目初始化成功","Project initialized successfully"
UI_BOOTSTRAP_BASELINE,"Godot 4.7.1 · Compatibility · 640×360","Godot 4.7.1 · Compatibility · 640×360"
UI_STAGE_MAIN_MENU,"主菜单","Main Menu"
UI_STAGE_STATION,"快递站大厅","Delivery Station"
UI_STAGE_COCKPIT,"飞船驾驶舱","Ship Cockpit"
UI_STAGE_FLIGHT,"横版飞行","Side-view Flight"
UI_STAGE_ARRIVAL,"目的地","Destination"
UI_STAGE_RESULTS,"订单结算","Order Results"
UI_STAGE_PLACEHOLDER,"M0 场景骨架占位","M0 scene skeleton placeholder"
UI_RESULTS_EYEBROW,"银河外卖公司 · 主线交付完成","Galactic Delivery Corporation · Main Delivery Complete"
UI_RESULTS_TITLE_FORMAT,"%s","%s"
UI_RESULTS_BASE_REWARD,"基础报酬","Base reward"
UI_RESULTS_CARGO_INTEGRITY,"货物完整度","Cargo integrity"
UI_RESULTS_CARGO_ADJUSTMENT,"货损修正","Cargo adjustment"
UI_RESULTS_TOTAL_REWARD,"本次实发","Payout"
UI_RESULTS_CREDIT_BALANCE,"信用点余额","Credit balance"
UI_RESULTS_CREDITS_FORMAT,"%d 公司信用点","%d company credits"
UI_RESULTS_SIGNED_CREDITS_FORMAT,"%s 信用点","%s credits"
UI_RESULTS_PERCENT_FORMAT,"%d%%","%d%%"
UI_RESULTS_NARRATIVE_HEADING,"配送记录","Delivery record"
UI_RESULTS_NARRATIVE_STYLE_DIVE,"进场记录：快速俯冲；维修场警报先于你完成签到。","Approach: rapid dive; the yard alarms checked in before you did."
UI_RESULTS_NARRATIVE_STYLE_GLIDE,"进场记录：缓慢滑翔；沙海航迹被完整保留。","Approach: slow glide; the sand-sea route was fully recorded."
UI_RESULTS_NARRATIVE_STYLE_BALANCED,"进场记录：常规进入；速度与货物保护保持平衡。","Approach: balanced entry; speed and cargo protection stayed in balance."
UI_RESULTS_NARRATIVE_CARGO_SECURED,"货物结果：核心完好，居民净水泵可按计划启动。","Cargo: the core is secure; the settlement water pumps can start on schedule."
UI_RESULTS_NARRATIVE_CARGO_RECOVERED,"货物结果：核心受损但可修，主线交付仍然成立。","Cargo: the core is damaged but repairable; the main delivery still stands."
UI_RESULTS_NARRATIVE_LANDING_SMOOTH,"着陆结果：平稳接地，交付区无额外损伤。","Landing: smooth contact, with no additional delivery-zone damage."
UI_RESULTS_NARRATIVE_LANDING_ROUGH,"着陆结果：勉强接地，但收件人已安全接收货物。","Landing: rough contact, but the recipient safely accepted the cargo."
UI_RESULTS_NARRATIVE_LANDING_DELIVERED,"着陆结果：货物已由收件人确认接收。","Landing: the recipient confirmed delivery."
UI_RESULTS_STATION_CHANGE_HEADING,"确定解锁 · 快递站变化","Guaranteed unlock · Station change"
UI_RESULTS_STATION_CHANGE_DETAIL,"伊娅交给你的旧中继铭牌已送入纪念墙陈列位。","The old relay plaque from Iya now has a place on the station memorabilia wall."
UI_RESULTS_NEXT_STEP,"下一步：返回快递站，查看新陈列并和老皮汇合。","Next: return to the delivery station, see the new display, and reunite with Lao Pi."
UI_RESULTS_NEXT_STEP_UNAVAILABLE,"完成有效交付后才能返回快递站。","Complete a valid delivery before returning to the station."
UI_RESULTS_RETURN_TO_STATION,"返回快递站","Return to Delivery Station"
UI_RESULTS_RETURN_ERROR,"返航链路暂未响应；结算已经保留，可再次确认返回。","The return link did not respond; settlement is retained, so you can try again."
UI_RESULTS_VALUE_UNAVAILABLE,"资料缺失","Data unavailable"
UI_RESULTS_UNAVAILABLE,"没有可结算的在途主线订单。","There is no active main order to settle."
UI_RESULTS_UNAVAILABLE_DETAIL,"请从赤砂星交付流程进入结算。","Enter results through the Red Sand delivery flow."
UI_MAIN_MENU_EYEBROW,"边境快递站 · 首次值班","Frontier Delivery Station · First Shift"
UI_MAIN_MENU_BRIEF,"和老皮完成入职，接下前往赤砂星的第一单，再确认快递船配置。","Complete orientation with Lao Pi, accept the first Red Sand order, then confirm the courier ship loadout."
UI_MAIN_MENU_CONTROLS,"WASD 移动 · E 互动 · 鼠标或方向键操作界面","WASD Move · E Interact · Mouse or arrow keys for menus"
UI_MAIN_MENU_NEW_GAME,"开始新游戏","Start New Game"
UI_MAIN_MENU_CONTINUE_GAME,"继续游戏","Continue"
UI_MAIN_MENU_NO_SAVE,"尚无可继续的进度；开始新游戏后会自动保存。","No progress is available yet. Starting a new game will create a save."
UI_MAIN_MENU_BACKUP_RECOVERY,"主存档不可读；继续游戏将使用上一份有效备份。","The primary save is unreadable. Continue will use the last valid backup."
UI_MAIN_MENU_SAVE_UNREADABLE,"存档无法读取，原文件已保留；你仍可开始新游戏。","The save is unreadable and has been preserved. You can still start a new game."
UI_MAIN_MENU_SAVE_MIGRATED,"检测到旧版存档；继续后将安全迁移到当前格式。","An older save was found. Continuing will safely migrate it to the current format."
UI_MAIN_MENU_CONTINUE_FAILED,"无法恢复进度，现有存档未被覆盖；你仍可开始新游戏。","Progress could not be restored and the existing save was not overwritten. You can still start a new game."
UI_MAIN_MENU_START_UNAVAILABLE,"暂时无法开始新游戏，请重新启动项目。","Unable to start a new game. Please restart the project."
UI_DIALOGUE_QUICK_SHOW,"快速显示","Show All"
UI_DIALOGUE_SKIP_READ,"跳过已读","Skip Read"
UI_DIALOGUE_SKIP_SEQUENCE,"跳过整段","Skip Sequence"
UI_DIALOGUE_HISTORY,"历史","History"
UI_DIALOGUE_CONTINUE,"继续","Continue"
UI_DIALOGUE_HISTORY_EMPTY,"还没有可回看的对话。","No dialogue history yet."
UI_DIALOGUE_HISTORY_TITLE,"对话历史","Dialogue History"
UI_DIALOGUE_HISTORY_CLOSE,"返回对话","Back to Dialogue"
UI_DIALOGUE_DEMO_TITLE,"老皮对话系统测试","Lao Pi Dialogue System Test"
UI_DEBUG_SETTINGS_TITLE,"调试设置","Debug Settings"
UI_DEBUG_SLOW_MOTION,"慢动作辅助","Slow-motion Assist"
UI_DEBUG_ROUTE_HINTS,"路线提示","Route Hints"
UI_DEBUG_HIGH_CONTRAST,"高对比度地形","High-contrast Terrain"
UI_DEBUG_FLIGHT_ASSIST,"辅助驾驶强度","Flight Assist Strength"
UI_DEBUG_SETTING_ON,"开启","On"
UI_DEBUG_SETTING_OFF,"关闭","Off"
UI_DEBUG_SETTINGS_READY,"本机设置已载入","Local settings loaded"
UI_DEBUG_SETTINGS_SAVED,"已保存：%s","Saved: %s"
UI_DEBUG_SETTINGS_SAVE_FAILED,"本机设置保存失败","Failed to save local settings"
UI_DEBUG_SETTINGS_UNAVAILABLE,"本机设置服务不可用","Local settings service unavailable"
UI_STATION_HUB_TITLE,"边境快递站","Frontier Delivery Station"
UI_STATION_ORDER_TERMINAL,"订单终端","Order Terminal"
UI_STATION_WORKBENCH,"模块工作台","Module Workbench"
UI_STATION_COCKPIT_ENTRY,"驾驶舱 / 机库","Cockpit / Hangar"
UI_STATION_COCKPIT_ENTRY_READY,"驾驶舱入口 · 已解锁","Cockpit Entrance · Ready"
UI_STATION_LAO_PI_REST,"老皮休息区","Lao Pi's Rest Area"
UI_STATION_MEMORABILIA_WALL,"纪念品墙（空）","Memorabilia Wall (Empty)"
UI_STATION_MEMORABILIA_WALL_FILLED,"纪念品墙 · 旧中继铭牌","Memorabilia Wall · Old Relay Plaque"
UI_STATION_RETURN_CREDITS_FORMAT,"公司信用点：%d","Company credits: %d"
UI_STATION_RETURN_UPGRADE,"首单陈列位已点亮","First-delivery display online"
UI_STATION_MEMORABILIA_EMPTY_DETAIL,"墙上的陈列位还空着。老皮说空位能提醒人：这里还会有下一程。","The display slots are still empty. Lao Pi says empty spaces are proof there will be another route."
UI_STATION_MEMORABILIA_RELAY_DETAIL,"旧中继铭牌表面有一道不属于公司制式的微光；它现在是这座站完成首单的证明。","A faint light outside company specifications moves across the old relay plaque; it now marks the station's first completed delivery."
UI_STATION_ENTRANCE,"站点入口","Station Entrance"
UI_INTERACTION_PROMPT,"[%s] %s","[%s] %s"
UI_INTERACTION_FEEDBACK,"已确认：%s","Confirmed: %s"
UI_INTERACTION_ORDER_TERMINAL,"查看订单终端","Inspect Order Terminal"
UI_INTERACTION_WORKBENCH,"查看模块工作台","Inspect Module Workbench"
UI_INTERACTION_COCKPIT_ENTRY,"查看驾驶舱入口","Inspect Cockpit Entrance"
UI_INTERACTION_COCKPIT_ENTRY_LOCKED_ORDER,"驾驶舱未解锁：先接取订单","Cockpit locked: accept the order first"
UI_INTERACTION_COCKPIT_ENTRY_LOCKED_LOADOUT,"驾驶舱未解锁：先确认飞船配置","Cockpit locked: confirm the ship loadout first"
UI_INTERACTION_COCKPIT_ENTRY_READY,"与老皮会合并前往驾驶舱","Meet Lao Pi and proceed to the cockpit"
UI_INTERACTION_COCKPIT_ENTRY_ORDER_COMPLETE,"查看已归档的机库入口","Inspect the archived hangar entrance"
UI_INTERACTION_LAO_PI_REST,"查看老皮休息区","Inspect Lao Pi's Rest Area"
UI_INTERACTION_MEMORABILIA_WALL,"查看纪念品墙","Inspect Memorabilia Wall"
UI_OBSERVATION_DISMISS_HINT,"空格 / 回车关闭 · 可继续移动","Space / Enter to close · movement remains available"
UI_INTERACTION_LAO_PI,"和老皮聊聊","Talk to Lao Pi"
UI_TUTORIAL_OBJECTIVE_MOVE,"当前：在大厅走动","Objective: Walk around the station"
UI_TUTORIAL_OBJECTIVE_TALK_TO_LAO_PI,"当前：靠近老皮并互动","Objective: Approach and talk to Lao Pi"
UI_TUTORIAL_OBJECTIVE_ORDER_TERMINAL,"当前：查看订单终端","Objective: Inspect the order terminal"
UI_STATION_OBJECTIVE_ACCEPT_ORDER,"下一步：在订单终端接取赤砂星订单","Next: Accept the Red Sand order at the terminal"
UI_STATION_OBJECTIVE_CONFIGURE_SHIP,"下一步：在模块工作台确认飞船配置","Next: Confirm the ship loadout at the workbench"
UI_STATION_OBJECTIVE_ENTER_COCKPIT,"下一步：前往驾驶舱入口与老皮会合","Next: Meet Lao Pi at the cockpit entrance"
UI_STATION_OBJECTIVE_FIRST_DELIVERY_COMPLETE,"首单已归档：和老皮聊聊，或查看纪念墙上的旧中继铭牌","First delivery archived: talk to Lao Pi or inspect the old relay plaque"
UI_STATION_COCKPIT_BLOCKED_ORDER,"驾驶舱暂未解锁：先在订单终端接取订单。","Cockpit locked: accept the order at the terminal first."
UI_STATION_COCKPIT_BLOCKED_LOADOUT,"驾驶舱暂未解锁：先在模块工作台确认飞船配置。","Cockpit locked: confirm the ship loadout at the workbench first."
UI_DEPARTURE_GATE_TITLE,"出发准备完成","Departure Preparation Complete"
UI_DEPARTURE_GATE_SUMMARY,"赤砂星 · 深层冷却泵核心 · 老皮同行","Red Sand · Deep Cooling Pump Core · Lao Pi Aboard"
UI_DEPARTURE_GATE_BODY,"冷却泵核心已经装舱，老皮会在副驾驶位与你会合。下一步将进入驾驶舱并确认赤砂星航线。","The cooling pump core is secured, and Lao Pi will join you in the copilot seat. Next, enter the cockpit and confirm the Red Sand route."
UI_DEPARTURE_GATE_CLOSE,"返回大厅","Return to Station"
UI_DEPARTURE_GATE_ENTER_COCKPIT,"进入驾驶舱","Enter Cockpit"
UI_COCKPIT_TITLE,"边境快递船 · 驾驶舱","Frontier Courier · Cockpit"
UI_COCKPIT_INSTRUCTIONS,"悬停仅高亮 · 点击或聚焦后按互动键激活","Hover only highlights · Click or focus, then use Interact"
UI_COCKPIT_STATUS_READY,"驾驶舱待命","Cockpit Standing By"
UI_COCKPIT_STATUS_ACTIVE_FORMAT,"已选择：%s","Selected: %s"
UI_COCKPIT_FEEDBACK_READY,"六处设备已通电。选择一处查看当前状态。","Six devices are online. Select one to inspect its current state."
UI_COCKPIT_HOTSPOT_NAVIGATION,"导航屏","Navigation"
UI_COCKPIT_HOTSPOT_WINDOW,"观察窗","Forward Window"
UI_COCKPIT_HOTSPOT_LAO_PI,"老皮副驾驶席","Lao Pi's Seat"
UI_COCKPIT_HOTSPOT_COMPANY_TERMINAL,"公司终端","Company Terminal"
UI_COCKPIT_HOTSPOT_RADIO,"收音机","Radio"
UI_COCKPIT_HOTSPOT_CARGO,"货舱指示器","Cargo Indicator"
UI_COCKPIT_DESC_NAVIGATION,"导航阵列已通电，正在等待航线授权。","The navigation array is powered and waiting for route authorization."
UI_COCKPIT_DESC_WINDOW,"航站外缘的星光正从多层观察窗外缓慢后移。","Station-edge starlight drifts slowly beyond the layered forward window."
UI_COCKPIT_DESC_LAO_PI,"老皮已经在副驾驶席坐稳，安静看着窗外。","Lao Pi is settled into the copilot seat, quietly watching the stars."
UI_COCKPIT_DESC_COMPANY_TERMINAL,"公司终端在线，风险提示等待航线确认。","The company terminal is online; risk notices await route confirmation."
UI_COCKPIT_DESC_RADIO,"收音机停在边境公共频段，只剩很轻的静电声。","The radio rests on the frontier public band with only faint static."
UI_COCKPIT_DESC_CARGO,"货舱锁定正常，易损货物状态稳定。","The cargo bay is locked and the fragile shipment remains stable."
UI_COCKPIT_SELECT_PROMPT,"选择一处设备以查看操作。","Select a device to see its action."
UI_COCKPIT_FOCUS_PROMPT_FORMAT,"[%s / 鼠标点击] %s","[%s / Click] %s"
UI_COCKPIT_ACTION_NAVIGATION,"打开导航面板","Open navigation panel"
UI_COCKPIT_ACTION_WINDOW,"观察窗外","Look through the window"
UI_COCKPIT_ACTION_LAO_PI,"和老皮说话","Talk to Lao Pi"
UI_COCKPIT_ACTION_COMPANY_TERMINAL,"打开公司终端","Open company terminal"
UI_COCKPIT_ACTION_RADIO,"切换收音机","Toggle radio"
UI_COCKPIT_ACTION_CARGO,"查看货物状态","Inspect cargo status"
UI_COCKPIT_RADIO_ON,"ON","ON"
UI_COCKPIT_RADIO_OFF,"OFF","OFF"
UI_COCKPIT_RADIO_STATUS_FORMAT,"%s · %s","%s · %s"
UI_COCKPIT_RADIO_BUTTON_FORMAT,"%s\n%s","%s\n%s"
UI_COCKPIT_PANEL_CLOSE,"关闭并返回驾驶舱","Close and Return"
UI_COCKPIT_VALUE_UNAVAILABLE,"资料缺失","Data unavailable"
UI_COCKPIT_NAV_PANEL_TITLE,"航线导航","Route Navigation"
UI_COCKPIT_NAV_NO_ORDER,"当前订单：无在途订单","Current order: no active order"
UI_COCKPIT_NAV_ORDER_FORMAT,"当前订单：%s","Current order: %s"
UI_COCKPIT_NAV_DESTINATION_UNSET,"订单目的地：尚未设定","Order destination: not set"
UI_COCKPIT_NAV_DESTINATION_FORMAT,"订单目的地：%s","Order destination: %s"
UI_COCKPIT_NAV_ROUTE_PENDING,"航线授权：等待站内起飞确认。","Route authorization: waiting for station preflight confirmation."
UI_COCKPIT_NAV_ROUTE_NO_ORDER,"航线授权：需要先领取订单。","Route authorization: accept an order first."
UI_COCKPIT_NAV_ROUTE_READY,"航线授权：赤砂星航路可用。请确认目的地并出发。","Route authorization: Red Sand route available. Confirm destination to depart."
UI_COCKPIT_NAV_ROUTE_ACTIVE,"航线状态：旅行进行中。","Route status: travel in progress."
UI_COCKPIT_NAV_ROUTE_COMPLETED,"航线状态：已抵达目标星系，不能重复出发。","Route status: target system reached; departure cannot repeat."
UI_COCKPIT_NAV_ROUTE_UNAVAILABLE,"航线授权：当前目的地不可用。","Route authorization: current destination unavailable."
UI_COCKPIT_NAV_CONFIRM_AND_DEPART,"确认赤砂星并出发","Confirm Red Sand & Depart"
UI_COCKPIT_COMPANY_PANEL_TITLE,"银河外卖公司终端","Galactic Delivery Corporation Terminal"
UI_COCKPIT_COMPANY_LINK_STATUS,"公司链路：在线","Company link: online"
UI_COCKPIT_COMPANY_NO_ACTIVE_ORDER,"调度状态：没有在途订单","Dispatch status: no active order"
UI_COCKPIT_COMPANY_ACTIVE_ORDER_FORMAT,"调度状态：%s 已锁定","Dispatch status: %s locked"
UI_COCKPIT_COMPANY_RISK_BRIEFING_FORMAT,"航线风险：%d/5 · 货损会降低报酬；优先保护护盾与货物。","Route risk: %d/5 · Cargo damage reduces payout; protect shields and cargo first."
UI_COCKPIT_COMPANY_RISK_NOTE,"管理备注：事故将计为“自愿职业成长”。","Management note: incidents count as voluntary professional growth."
UI_COCKPIT_COMPANY_TRAVEL_NOTICE,"公司调度尚未签发航线授权。","Company dispatch has not issued route authorization."
UI_COCKPIT_COMPANY_TRAVEL_DEPARTURE,"航行状态：正在离开快递站。","Travel status: departing the courier station."
UI_COCKPIT_COMPANY_TRAVEL_CRUISE,"航行状态：边境航路巡航中。","Travel status: cruising the frontier route."
UI_COCKPIT_COMPANY_TRAVEL_APPROACH,"航行状态：正在接近赤砂星系。","Travel status: approaching the Red Sand system."
UI_COCKPIT_COMPANY_TRAVEL_COMPLETED,"航行状态：目标星系已抵达。","Travel status: target system reached."
UI_COCKPIT_CARGO_PANEL_TITLE,"货舱状态","Cargo Bay Status"
UI_COCKPIT_CARGO_EMPTY,"装载状态：货舱为空","Load status: cargo bay empty"
UI_COCKPIT_CARGO_LOADED_FORMAT,"装载货物：%s","Loaded cargo: %s"
UI_COCKPIT_CARGO_INTEGRITY_PLACEHOLDER,"货物完整度：100%（出舱前读数）","Cargo integrity: 100% (pre-departure reading)"
UI_COCKPIT_CARGO_LOCK_STATUS,"货舱锁：正常","Cargo lock: secure"
UI_COCKPIT_WINDOW_OBSERVATION,"星光沿着舷窗边框缓慢后移。远处没有任何东西急着抵达。","Starlight drifts along the window frame. Nothing far away seems in a hurry to arrive."
UI_COCKPIT_WINDOW_DEPARTURE,"快递站的灯火退到窗框之外，星点开始加速后移。","The courier station lights slip beyond the frame as the stars begin to accelerate."
UI_COCKPIT_WINDOW_CRUISE,"航路稳定下来。群星掠过舷窗，远方一点暖红逐渐清晰。","The route steadies. Stars cross the window while a warm red point sharpens ahead."
UI_COCKPIT_WINDOW_APPROACH,"赤砂星已经占据前窗一角，大气辉光沿行星边缘亮起。","Red Sand fills a corner of the window, atmospheric light glowing along its rim."
UI_COCKPIT_TRAVEL_PHASE_IDLE,"航行待命","Travel standing by"
UI_COCKPIT_TRAVEL_PHASE_DEPARTURE,"阶段 1/3 · 离站","Stage 1/3 · Departure"
UI_COCKPIT_TRAVEL_PHASE_CRUISE,"阶段 2/3 · 巡航","Stage 2/3 · Cruise"
UI_COCKPIT_TRAVEL_PHASE_APPROACH,"阶段 3/3 · 接近赤砂星","Stage 3/3 · Approaching Red Sand"
UI_COCKPIT_TRAVEL_PHASE_COMPLETED,"目标星系已抵达","Target system reached"
UI_COCKPIT_TRAVEL_DETAIL_IDLE,"请在导航屏确认当前订单目的地。","Confirm the current order destination at Navigation."
UI_COCKPIT_TRAVEL_DETAIL_DEPARTURE,"脱离快递站泊位，航向已锁定。","Clearing the courier station berth; heading locked."
UI_COCKPIT_TRAVEL_DETAIL_CRUISE,"维持边境航路，赤砂星信标已捕获。","Holding the frontier route; Red Sand beacon acquired."
UI_COCKPIT_TRAVEL_DETAIL_APPROACH,"即将切入横版飞行：用油门/刹车调速，抬头/低头调整姿态。","Side-view flight is next: use throttle/brake for speed and pitch up/down for attitude."
UI_COCKPIT_TRAVEL_DETAIL_COMPLETED,"正在将控制权交给横版飞行段。","Handing control to the side-view flight stage."
UI_COCKPIT_TRAVEL_SKIP,"跳过旅程","Skip Travel"
UI_COCKPIT_TRAVEL_SKIP_LOCKED,"首次主线旅行需要完整经历，暂时不能跳过。","The first main-route journey must be experienced in full."
UI_COCKPIT_TRAVEL_READY_FOR_FLIGHT,"旅行已完成；正式流程将进入横版飞行段。","Travel complete; the routed flow will enter side-view flight."
UI_COCKPIT_TRAVEL_ERROR_NO_ORDER,"无法出发：请先领取有效订单。","Cannot depart: accept a valid order first."
UI_COCKPIT_TRAVEL_ERROR_PREFLIGHT,"无法出发：请先在大厅完成飞船配置与起飞确认。","Cannot depart: finish ship loadout and preflight confirmation in the station."
UI_COCKPIT_TRAVEL_ERROR_DESTINATION,"无法出发：所选目的地不属于当前订单。","Cannot depart: the selected destination is not allowed by the current order."
UI_COCKPIT_TRAVEL_ERROR_ACTIVE,"旅行已经开始，不能重复触发出发。","Travel has already started and cannot be triggered again."
UI_COCKPIT_TRAVEL_ERROR_COMPLETED,"该航线已经完成，不能重复触发出发。","This route is already complete and cannot depart again."
UI_ORDER_TERMINAL_TITLE,"银河外卖公司 · 订单终端","Galactic Delivery Corporation · Order Terminal"
UI_ORDER_STATUS_NOT_ACCEPTED,"未接取","Not Accepted"
UI_ORDER_STATUS_ACCEPTED,"已接取","Accepted"
UI_ORDER_STATUS_COMPLETED,"已完成","Completed"
UI_ORDER_STATUS_UNAVAILABLE,"不可接取","Unavailable"
UI_ORDER_PARTIES_FORMAT,"%s → %s","%s → %s"
UI_ORDER_ROUTE_FORMAT,"%s · 航程 %.1f · 风险 %d/5 · %s","%s · Distance %.1f · Risk %d/5 · %s"
UI_ORDER_REWARD_FORMAT,"报酬：%d 公司信用点","Reward: %d company credits"
UI_ORDER_ENVIRONMENT_HEADING,"星球环境","Planet Environment"
UI_ORDER_CARGO_HEADING,"货物档案","Cargo File"
UI_ORDER_REQUIRED_MODULES_HEADING,"必须配置","Required Loadout"
UI_ORDER_CUSTOMER_HISTORY_HEADING,"客户历史订单","Customer Order History"
UI_ORDER_FUTURE_HEADING,"未来订单","Future Orders"
UI_ORDER_FUTURE_PLACEHOLDER,"其余航线正在等待公司许可。","Other routes are awaiting company authorization."
UI_ORDER_FEEDBACK_READY,"当前没有在途订单。确认后主线订单不会被误操作放弃。","No order is in transit. Once accepted, this main order cannot be discarded by mistake."
UI_ORDER_FEEDBACK_ACCEPTED,"订单已锁定。下一步：前往模块工作台确认配置。","Order locked. Next: confirm the loadout at the module workbench."
UI_ORDER_FEEDBACK_COMPLETED,"订单已完成并归档。","Order completed and archived."
UI_ORDER_ERROR_MISSING_DATA,"订单数据不完整，已禁止接取；请检查货物、目的地、收件人与客户历史。","Order data is incomplete. Acceptance is disabled; check cargo, destination, recipient, and customer history."
UI_ORDER_ERROR_STORY_REQUIREMENT,"当前剧情条件尚未满足，订单暂不可接取。","Story requirements are not yet met; this order cannot be accepted."
UI_ORDER_ERROR_ACTIVE_ORDER,"已有一份在途订单；一次只能执行一单。","Another order is in transit; only one order can be active."
UI_ORDER_ERROR_STATE_UNAVAILABLE,"订单状态服务不可用，已禁止接取。","Order state is unavailable; acceptance is disabled."
UI_ORDER_VALUE_UNAVAILABLE,"资料缺失","Data unavailable"
UI_ORDER_ACCEPT,"确认接单","Accept Order"
UI_ORDER_ACCEPTED_BUTTON,"订单已锁定","Order Locked"
UI_ORDER_COMPLETED_BUTTON,"已完成","Completed"
UI_ORDER_CLOSE,"关闭","Close"
UI_ORDER_DELIVERY_LANDING,"着陆交付","Landing"
UI_ORDER_DELIVERY_AIRDROP,"低空投放","Airdrop"
UI_ORDER_DELIVERY_CHECKPOINT,"检查门交付","Checkpoint"
UI_ORDER_DELIVERY_DOCKING,"对接交付","Docking"
UI_ORDER_NO_REQUIRED_MODULES,"无必须配置","No required modules"
UI_ORDER_LIST_ENTRY_FORMAT,"• %s","• %s"
SHIP_PLAYER_COURIER_NAME,"公司标准快递船","Standard Company Courier"
UI_LOADOUT_TITLE,"飞船配置 · 出发前检查","Ship Loadout · Preflight Check"
UI_LOADOUT_FIXED_SHIP_SUBTITLE,"唯一在役飞船 · 长期改装平台","Sole active ship · long-term upgrade platform"
UI_LOADOUT_STATUS_WAITING_ORDER,"等待订单","Awaiting Order"
UI_LOADOUT_STATUS_INCOMPLETE,"配置不完整","Loadout Incomplete"
UI_LOADOUT_STATUS_READY,"可以出发","Ready to Depart"
UI_LOADOUT_STATUS_CONFIRMED,"出发已确认","Departure Confirmed"
UI_LOADOUT_STATUS_UNAVAILABLE,"配置不可用","Loadout Unavailable"
UI_LOADOUT_CARGO_ASSIGNED_FORMAT,"本次货舱：%s","Assigned cargo: %s"
UI_LOADOUT_CARGO_UNASSIGNED,"本次货舱：尚未接取订单","Assigned cargo: no accepted order"
UI_LOADOUT_STAT_HULL,"船体","Hull"
UI_LOADOUT_STAT_SHIELD,"护盾","Shield"
UI_LOADOUT_STAT_FUEL,"燃料","Fuel"
UI_LOADOUT_STAT_BOOST,"Boost","Boost"
UI_LOADOUT_STAT_CARGO,"货舱","Cargo Bay"
UI_LOADOUT_RESOURCE_VALUE_FORMAT,"%d / %d","%d / %d"
UI_LOADOUT_CARGO_VALUE_FORMAT,"%d / %d 格","%d / %d slot"
UI_LOADOUT_SLOTS_HEADING,"模块槽位","Module Slots"
UI_LOADOUT_SLOT_POWER,"动力槽","Power Slot"
UI_LOADOUT_SLOT_DEFENSE,"防护槽","Defense Slot"
UI_LOADOUT_SLOT_UTILITY,"功能槽 A","Utility Slot A"
UI_LOADOUT_SLOT_SHIELD_BACKUP_POWER,"功能槽 B","Utility Slot B"
UI_LOADOUT_ROLE_REQUIRED,"主线必需 / 标准配发","Required / Issued"
UI_LOADOUT_ROLE_RECOMMENDED,"订单推荐","Recommended"
UI_LOADOUT_STATE_INSTALLED,"已安装","Installed"
UI_LOADOUT_STATE_EMPTY,"空槽","Empty"
UI_LOADOUT_STATE_MISSING,"缺失","Missing"
UI_LOADOUT_STATE_OPTIONAL,"可选未装","Optional"
UI_LOADOUT_SLOT_STATUS_FORMAT,"%s · %s","%s · %s"
UI_LOADOUT_INSTALL,"安装","Install"
UI_LOADOUT_UNINSTALL,"卸下","Remove"
UI_LOADOUT_REQUIREMENTS_HEADING,"赤砂星订单配置核对","Red Sand Order Loadout Check"
UI_LOADOUT_REQUIREMENT_REQUIRED_FORMAT,"必需｜%s｜%s","Required | %s | %s"
UI_LOADOUT_REQUIREMENT_RECOMMENDED_FORMAT,"推荐｜%s｜%s","Recommended | %s | %s"
UI_LOADOUT_REQUIREMENTS_SUMMARY_FORMAT,"必需 %d/%d · 可选 %d/%d","Required %d/%d · Optional %d/%d"
UI_LOADOUT_STANDARD_ISSUE_NOTE,"当前可用模块均为公司标准配发，无需购买或刷取。","All available modules are standard company issue; no purchase or grinding is required."
UI_LOADOUT_FEEDBACK_WAITING_ORDER,"请先在订单终端接取赤砂星主线订单。","Accept the Red Sand main order at the order terminal first."
UI_LOADOUT_FEEDBACK_MISSING_REQUIRED_FORMAT,"缺少必需模块：%s。重新安装后才能确认出发。","Missing required module: %s. Reinstall it before confirming departure."
UI_LOADOUT_FEEDBACK_READY,"必需配置齐全。激光炮与护盾备用电源均为可选模块，不影响主线出发资格。","Required loadout complete. The laser and shield backup power are optional and do not gate departure."
UI_LOADOUT_FEEDBACK_CONFIRMED,"配置已写入飞船状态。可以前往驾驶舱入口与老皮会合。","Loadout saved to ship state. Proceed to the cockpit entrance and meet Lao Pi."
UI_LOADOUT_FEEDBACK_STATE_UNAVAILABLE,"飞船状态服务不可用，无法确认出发。","Ship state is unavailable; departure cannot be confirmed."
UI_LOADOUT_FEEDBACK_DATA_UNAVAILABLE,"订单模块数据不完整，无法确认出发。","Order module data is incomplete; departure cannot be confirmed."
UI_LOADOUT_CONFIRM_DEPARTURE,"确认出发","Confirm Departure"
UI_LOADOUT_CONFIRMED_BUTTON,"出发已确认","Departure Confirmed"
UI_LOADOUT_CLOSE,"关闭","Close"
UI_LOADOUT_VALUE_UNAVAILABLE,"资料缺失","Data unavailable"
UI_LOADOUT_LIST_SEPARATOR,"、",", "
PLANET_RED_SAND_NAME,"赤砂星","Red Sand"
PLANET_RED_SAND_DESCRIPTION,"低水资源的沙漠采掘殖民地；航路包含陨石带、大气雷暴与低空雷达区。","A low-water desert mining colony; the route includes an asteroid belt, atmospheric storms, and low-altitude radar zones."
ORDER_RED_SAND_M0_NAME,"赤砂星第 7 采掘区冷却补给","Cooling Supply for Red Sand Extraction Zone 7"
ORDER_RED_SAND_M0_CUSTOMER_HISTORY_01,"近期重复订购冷却泵与净水组件。","Recently placed repeated orders for cooling pumps and water-purification components."
ORDER_RED_SAND_M0_CUSTOMER_HISTORY_02,"两份订单因“工业配额异常”被公司取消。","Two orders were cancelled for an “industrial quota anomaly.”"
ORDER_RED_SAND_M0_CUSTOMER_HISTORY_03,"收货坐标靠近工人居住区，而非公司正式仓库。","The delivery coordinates are near worker housing, not an official company depot."
CARGO_RED_SAND_M0_NAME,"深层冷却泵核心","Deep Cooling Pump Core"
CARGO_RED_SAND_M0_COMPANY_DESCRIPTION,"用于赤砂星第 7 采掘区生产维护的标准冷却设备；强烈碰撞可能损坏核心。","Standard cooling equipment for production maintenance in Red Sand Extraction Zone 7; heavy impacts may damage the core."
CARGO_RED_SAND_M0_STORY_DESCRIPTION,"客户记录显示，该部件更可能用于工人居住区的冷却与净水系统。","Customer records suggest this component is more likely intended for cooling and water systems in the worker settlement."
MODULE_STANDARD_DRIVE_NAME,"标准动力模块","Standard Drive"
MODULE_STANDARD_DRIVE_DESCRIPTION,"提供基础航行能力。","Provides standard flight capability."
MODULE_ATMOSPHERIC_SHIELD_NAME,"大气防护模块","Atmospheric Shield"
MODULE_ATMOSPHERIC_SHIELD_DESCRIPTION,"降低大气进入阶段的环境压力。","Reduces environmental pressure during atmospheric entry."
MODULE_ASTEROID_LASER_NAME,"陨石激光炮","Asteroid Laser"
MODULE_ASTEROID_LASER_DESCRIPTION,"仅用于清理明确标记的陨石障碍。","Clears explicitly marked asteroid obstacles only."
MODULE_SHIELD_BACKUP_POWER_NAME,"护盾备用电源","Shield Backup Power"
MODULE_SHIELD_BACKUP_POWER_DESCRIPTION,"护盾未满且未 Boost、未倒车时，自动缓慢恢复护盾。","Slowly restores an incomplete shield while not Boosting or reversing."
CHARACTER_COMPANY_DISPATCH_NAME,"公司调度","Company Dispatch"
CHARACTER_COMPANY_DISPATCH_ROLE,"订单发件接口","Order Dispatch Interface"
CHARACTER_RED_SAND_RECIPIENT_NAME,"伊娅","Iya"
CHARACTER_RED_SAND_RECIPIENT_ROLE,"冷却与净水系统维护","Cooling and Water-System Maintenance"
CHARACTER_LAO_PI_NAME,"老皮","Lao Pi"
CHARACTER_LAO_PI_ROLE,"快递员搭档","Courier Partner"
DIALOGUE_TEST_INTRO,"同声传译器接通了。要是你听见一点水声，先别担心，通常不是故障。","The translator is online. If you hear a little water, do not worry. It is usually not a fault."
DIALOGUE_TEST_PROMPT,"先确认一下：你想按公司流程来，还是先看看设备？","First things first: follow company procedure, or inspect the equipment?"
DIALOGUE_TEST_CHOICE_PROCESS,"按流程来。","Follow the procedure."
DIALOGUE_TEST_CHOICE_EQUIPMENT,"先看看设备。","Inspect the equipment first."
DIALOGUE_TEST_RESPONSE_PROCESS,"好。公司流程的优点是每一步都有编号，缺点是编号经常比步骤多。","Good. Every company step has a number. Unfortunately, there are often more numbers than steps."
DIALOGUE_TEST_RESPONSE_EQUIPMENT,"也行。先认清出口和咖啡机，通常比读完员工手册有用。","Fair. Finding the exit and coffee machine is usually more useful than finishing the handbook."
DIALOGUE_TEST_FINISH,"准备好后，我们再看订单终端。慢慢来，宇宙暂时不会下班。","When you are ready, we will check the order terminal. Take your time; the universe is not clocking out yet."
DIALOGUE_LAO_PI_TUTORIAL_INTRO_01,"你就是新来的地球人？我是老皮。先别紧张，这座站目前还没塌过。","You must be the new human from Earth. I'm Lao Pi. Relax—this station has not collapsed yet."
DIALOGUE_LAO_PI_TUTORIAL_INTRO_02,"同声传译器亮着就行。亮着，我们是在聊天；灭了，我多半只是在对你叹气。","As long as the simultaneous translator is lit, we're talking. If it goes dark, I'm probably just sighing at you."
DIALOGUE_LAO_PI_TUTORIAL_INTRO_03,"先在大厅里走几步。公司叫这项“岗位空间熟悉”，我们通常叫别撞墙。","Walk around the hall first. The company calls it “workplace spatial familiarization.” We call it not walking into walls."
DIALOGUE_LAO_PI_TUTORIAL_MOVE_01,"不错。地板认得你的工牌，墙也暂时没记住你的脸。","Good. The floor recognizes your badge, and the walls have not memorized your face yet."
DIALOGUE_LAO_PI_TUTORIAL_MOVE_02,"现在靠近我，跟我打个招呼。会互动，比背完员工手册实用。","Now come over and say hello. Knowing how to interact is more useful than memorizing the employee handbook."
DIALOGUE_LAO_PI_TUTORIAL_INTERACT_01,"这就对了。边境站人少，开口说话不用预约。","That's it. Border stations are quiet; you don't need an appointment to speak."
DIALOGUE_LAO_PI_TUTORIAL_INTERACT_02,"公司把“有效同事沟通”列为必修，附录却比同事还多。","The company makes “effective colleague communication” mandatory. The appendix is longer than the staff list."
DIALOGUE_LAO_PI_TUTORIAL_INTERACT_03,"最后去看一眼订单终端。先认清它，不用急着接单。","Last, take a look at the order terminal. Learn where it is; no need to accept anything yet."
DIALOGUE_LAO_PI_TUTORIAL_COMPLETE_01,"会走、会问，也找到终端了。第一天已经比维护记录完整。","You can walk, ask, and find the terminal. Your first day is already more complete than the maintenance log."
DIALOGUE_LAO_PI_TUTORIAL_COMPLETE_02,"慢慢来。这里现在不只我一个人值班了。","Take your time. I'm not the only one on duty here anymore."
DIALOGUE_LAO_PI_TUTORIAL_COMPLETE_03,"准备好，我们再看看今天送什么。","When you're ready, we'll see what needs delivering today."
DIALOGUE_LAO_PI_DAILY_01,"累了就歇会儿。订单不会跑，只会被公司标成“等待员工主动成长”。","Rest if you're tired. Orders don't run away; the company just marks them “awaiting proactive employee growth.”"
DIALOGUE_LAO_PI_DAILY_02,"我在这儿。有事叫我，没事也可以。","I'm here. Call me if you need something—or if you don't."
DIALOGUE_LAO_PI_RETURN_SETTLEMENT,"公司把报酬拆成基础款和货损修正，好像多写一行就能把风险算明白。钱到账就行。","The company split the payout into base pay and cargo adjustment, as if one extra line could explain the risk. At least the credits arrived."
DIALOGUE_LAO_PI_RETURN_RELAY_REACTION,"等等……那块旧中继铭牌刚才像是响了一下。也可能是站里的旧线路。先别替它写答案。","Wait... that old relay plaque sounded like it answered something. Could be the station wiring. Don't write an answer for it yet."
DIALOGUE_LAO_PI_RETURN_DISPLAY,"挂到纪念墙吧。第一件放上去的东西不必解释一切，只要证明我们真的回来过。","Put it on the memorabilia wall. The first thing there does not need to explain everything; it only needs to prove we came back."
DIALOGUE_LAO_PI_ORDER_ACCEPTED_01,"订单接下了。冷却泵核心怕撞，先把防护配置看清。","Order accepted. The cooling pump core is impact-sensitive, so check the protective loadout first."
DIALOGUE_LAO_PI_ORDER_ACCEPTED_02,"激光炮不是必需品，不过陨石一般不接受公司流程培训。","The laser is optional, but asteroids generally refuse company procedure training."
DIALOGUE_LAO_PI_ORDER_ACCEPTED_03,"终端看完就去工作台。别急，公司把“准备充分”也算作一种延误。","Head to the workbench when you're done here. No rush—the company also classifies “being prepared” as a form of delay."
DIALOGUE_LAO_PI_ACTIVE_ORDER_01,"赤砂星的冷却设备别摔。那边的风不讲人情，公司条款也不讲。","Don't drop Red Sand's cooling equipment. The wind has no mercy, and neither do the company terms."
DIALOGUE_LAO_PI_ACTIVE_ORDER_02,"配置好了就叫我。我跟你一起去。","Call me when the loadout is ready. I'm going with you."
DIALOGUE_LAO_PI_COCKPIT_01,"窗外安静吧？公司把这段叫“非生产性航程”，我觉得他们没看过星星。","Quiet out there, isn't it? The company calls this “non-productive transit.” I don't think they've looked at the stars."
DIALOGUE_LAO_PI_COCKPIT_02,"别急着按导航。先坐稳，等你想走的时候再叫我。","No need to rush the navigation controls. Settle in, and call me when you feel like moving."
DIALOGUE_LAO_PI_TRAVEL_MAIN_01,"航路稳下来了。引擎只剩低声响，说明我们和货物都还在该在的位置。","The route has settled. The engine is down to a low hum, which means we and the cargo are still where we belong."
DIALOGUE_LAO_PI_TRAVEL_MAIN_LASER,"你装了激光炮。碰上陨石就用，别朝赤砂星挥手——公司会把那算成主动开拓客户关系。","You fitted the asteroid laser. Use it on rocks, not to wave at Red Sand—the company would log that as proactive customer outreach."
DIALOGUE_LAO_PI_TRAVEL_MAIN_NO_LASER,"没装激光炮也行。陨石带留了绕行口，慢一点；公司目前还没把谨慎列为设备故障。","No laser is fine. The asteroid belt has gaps, so take it slow; the company has not classified caution as equipment failure yet."
DIALOGUE_LAO_PI_TRAVEL_MAIN_02,"再过一会儿就切到侧视飞行。我会提醒阶段，你照顾速度和姿态；真忙不过来，先保住船和货。","Side-view flight comes next. I'll call the stages; you manage speed and attitude. If it gets busy, protect the ship and cargo first."
DIALOGUE_LAO_PI_TRAVEL_RADIO_01,"边境公共频段。有人报天气，有人找走失的维修机器人，听久了就知道这里还住着人。","Frontier public band. Weather reports, missing maintenance robots—listen long enough and you remember people still live out here."
DIALOGUE_LAO_PI_TRAVEL_RADIO_02,"公司把它归类成“非必要噪声”。所以音量小点，别关。","The company classifies it as “non-essential noise.” Keep it low, then. Just don't turn it off."
DIALOGUE_LAO_PI_TRAVEL_CARGO_01,"冷却泵核心读数很稳。它怕撞，不怕路远。","The cooling pump core reads steady. It minds impacts, not distance."
DIALOGUE_RED_SAND_ARRIVAL_GREETING,"同声传译接通了。我是伊娅，负责这片维修场。你送来的就是深层冷却泵核心？","The translator is connected. I'm Iya, and I maintain this yard. Is that the deep cooling pump core?"
DIALOGUE_RED_SAND_ARRIVAL_MOTIVE,"把它接上，聚居地的冷却和净水还能撑过下一个风季。我不需要奇迹，只需要它别在最热的那周停。","Once it is connected, the settlement's cooling and water systems can last through the next wind season. I don't need a miracle—just for it not to stop during the hottest week."
DIALOGUE_RED_SAND_ARRIVAL_STYLE_DIVE,"你从云层里扎下来的时候，整座场都在猜你先落地还是警报先烧坏。下次给设备一点预告。","When you punched through the clouds, the whole yard was betting on whether you or the alarms would land first. Give the equipment some warning next time."
DIALOGUE_RED_SAND_ARRIVAL_STYLE_GLIDE,"你在高空绕了很久。这里很少有人愿意慢下来看看沙海——通常公司只计算抵达分钟数。","You stayed high for a long while. Few people slow down to look at the sand sea; the company usually counts only arrival minutes."
DIALOGUE_RED_SAND_ARRIVAL_STYLE_BALANCED,"进场很稳。够快，也没让维修场的人把工具箱当掩体。","That was a steady approach—fast enough, without making the yard crew use their toolboxes as cover."
DIALOGUE_RED_SAND_ARRIVAL_CARGO_HIGH,"核心外壳和密封都完好。我们今晚就能让第一组净水泵恢复运转。","The housing and seals are intact. We can bring the first water-purification bank online tonight."
DIALOGUE_RED_SAND_ARRIVAL_CARGO_LOW,"密封受过冲击，但还能修。我得先做一圈支撑架，净水泵会晚些启动，不会报废。","The seals took a hit, but they can be repaired. I'll brace the unit first; the water pumps will start later, not be lost."
DIALOGUE_RED_SAND_ARRIVAL_LASER,"你带了陨石激光。这里没人反对你清航道，只是公司雷达会把武装货船记得格外清楚。","You brought the asteroid laser. No one minds you clearing the route, but company radar remembers armed freighters particularly well."
DIALOGUE_RED_SAND_ARRIVAL_NO_LASER,"你没带炮也穿过了陨石带。少一条武装记录，对这片维修场不算坏事。","You crossed the asteroid belt without a gun. One less armed-delivery record is not a bad thing for this yard."
DIALOGUE_RED_SAND_ARRIVAL_RECORDS,"公司单据写的是“第 7 采掘区生产维护”，可这条管线先供工人住区。前几次冷却和净水订单都被改成“配额异常”；我不知道是谁改的。","The company manifest says “Extraction Zone 7 production maintenance,” but this line serves worker housing first. Earlier cooling and water orders were rewritten as “quota anomalies.” I don't know who changed them."
DIALOGUE_RED_SAND_ARRIVAL_CLOSE,"我先校准核心。你可以在维修场走走，看看那台记录终端；它比公司的订单摘要诚实一点。","I'll calibrate the core. Walk around the yard and check the record terminal; it is a little more honest than the company summary."
DIALOGUE_RED_SAND_ARRIVAL_OPTIONAL_DAILY,"每个风季，我都要从三百多片散热栅里刮出矿砂。公司把这项工作登记成“自然清洁循环”。","Every wind season I scrape ore sand from more than three hundred cooling fins. The company records the work as a “natural cleaning cycle.”"
DIALOGUE_RED_SAND_ARRIVAL_OPTIONAL_COMPANY,"我们依赖公司的航线，也得学会在它的表格缝里活着。核心能运转，比谁在单据上赢了更重要。","We depend on company routes, and we learn to live between the lines of their forms. Getting the core running matters more than winning the paperwork."
DIALOGUE_LAO_PI_TRAVEL_CARGO_02,"赤砂星那边等它的，不只是仓库编号。平稳送到就行，剩下的到了再看。","More than a warehouse number is waiting for it on Red Sand. Deliver it smoothly; we'll see the rest when we arrive."
UI_FLIGHT_LAB_TITLE,"飞行实验室","Flight Lab"
UI_FLIGHT_LAB_HINTS,"H 诊断 · V 环境 · G 重力补偿 · L 激光 · Tab 路线 · R 重置","H diagnostics · V environment · G gravity assist · L laser · Tab route · R reset"
UI_FLIGHT_LAB_HINTS_COMPACT,"H 诊断 · Tab 路线 · R 重置","H diagnostics · Tab route · R reset"
UI_FLIGHT_LAB_HINTS_FULL,"H 诊断 · V 环境 · G 重力补偿 · L 激光 · Tab 路线 · R 重置\nF/点击 发射 · W/Shift 推进 · S 刹车/倒车 · ↑↓ 俯仰","H diagnostics · V environment · G gravity assist · L laser · Tab route · R reset\nF/click fire · W/Shift thrust · S brake/reverse · ↑↓ pitch"
UI_FLIGHT_LAB_STATUS_READY,"稳定起点已就绪。","Stable start is ready."
UI_FLIGHT_LAB_STATUS_RESET,"已恢复当前检查点的位置、运动、环境与全部资源。","Checkpoint position, motion, environment, and all resources restored."
UI_FLIGHT_LAB_STATUS_AUTO_RETRY,"高速撞击后已自动恢复检查点；控制权已交还。","Checkpoint restored automatically after the high-speed impact; control returned."
UI_FLIGHT_LAB_STATUS_ENVIRONMENT,"环境切换至：%s；参数正在平滑过渡。","Environment switched to %s; parameters are blending."
UI_FLIGHT_LAB_STATUS_ASSIST,"重力补偿：%s。","Gravity assist: %s."
UI_FLIGHT_LAB_STATUS_ASSIST_WITH_DETAIL,"重力补偿：%s。%s","Gravity assist: %s. %s"
UI_FLIGHT_LAB_STATUS_REVERSE_BOOST_BLOCKED,"倒车时无法使用 Boost。","Boost is unavailable while reversing."
UI_FLIGHT_LAB_STATUS_ENTRY_TRACKING,"进入风格追踪已开始；切回深空时记录结果。","Entry-style tracking started; return to deep space to record the result."
UI_FLIGHT_LAB_STATUS_ENTRY_FINALIZED,"进入风格已记录：%s。","Entry style recorded: %s."
UI_FLIGHT_LAB_STATUS_IMPACT,"%s · 法线撞击速度 %.1f px/s。","%s · normal impact speed %.1f px/s."
UI_FLIGHT_LAB_STATUS_FAILURE,"%s；%.2f 秒后检查点重试，按 R 可立即重试。","%s; checkpoint retry in %.2fs, or press R now."
UI_FLIGHT_LAB_FAILURE_COLLISION,"高速撞击导致飞行段失败","High-speed impact failed the flight segment"
UI_FLIGHT_LAB_STATUS_LASER_EQUIPPED,"Flight Lab 已临时装载激光炮；短按显示短光柱，按住保持持续光柱。","Flight Lab laser equipped temporarily; tap for a short beam or hold for a continuous beam."
UI_FLIGHT_LAB_STATUS_LASER_UNEQUIPPED,"Flight Lab 已卸载激光炮；开火输入不会打断驾驶。","Flight Lab laser unequipped; fire input will not interrupt flight."
UI_FLIGHT_LAB_STATUS_LASER_UNAVAILABLE,"未安装激光炮；本次开火输入已忽略，驾驶继续。","Laser not installed; this fire input was ignored and flight continues."
UI_FLIGHT_LAB_STATUS_LASER_COOLDOWN,"激光冷却中：%.2f 秒。","Laser cooling down: %.2fs."
UI_FLIGHT_LAB_STATUS_LASER_MISS,"激光已发射，未命中可破坏目标。","Laser fired without hitting a destructible target."
UI_FLIGHT_LAB_STATUS_LASER_HIT,"命中可破坏陨石；剩余耐久 %d。","Destructible asteroid hit; %d durability remaining."
UI_FLIGHT_LAB_STATUS_LASER_DESTROYED,"可破坏陨石已击碎；通路已打开。","Destructible asteroid shattered; route opened."
UI_FLIGHT_LAB_COURSE_TITLE,"Gate B · 飞行手感试玩路线","Gate B · Flight Feel Playtest Route"
UI_FLIGHT_LAB_COURSE_PROGRESS,"%d / %d 项已体验 · Tab 展开/收起","%d / %d attempted · Tab expand/collapse"
UI_FLIGHT_LAB_COURSE_PROGRESS_COMPACT,"Gate B · %d/%d","Gate B · %d/%d"
UI_FLIGHT_LAB_COURSE_CHECK_FORMAT,"%d[%s]","%d[%s]"
UI_FLIGHT_LAB_COURSE_CHECK_ITEM,"%s %d · %s","%s %d · %s"
UI_FLIGHT_LAB_COURSE_CURRENT,"当前 %d/%d · %s","Current %d/%d · %s"
UI_FLIGHT_LAB_COURSE_STEP_ASSIST,"辅助预设与低速悬停","Assist presets and low-speed hover"
UI_FLIGHT_LAB_COURSE_STEP_DIVE,"高速俯冲","High-speed dive"
UI_FLIGHT_LAB_COURSE_STEP_RECOVERY,"刹车与拉起","Brake and pull-up"
UI_FLIGHT_LAB_COURSE_STEP_COLLISION,"碰撞与快速重试","Impacts and rapid retry"
UI_FLIGHT_LAB_COURSE_STEP_LASER,"激光开路","Laser route clearing"
UI_FLIGHT_LAB_COURSE_INSTRUCTION_ASSIST_COMPACT,"V 进大气，G 切三档；无限档观察燃料。","Use V for atmosphere and G for all three modes; watch fuel in Unlimited."
UI_FLIGHT_LAB_COURSE_INSTRUCTION_DIVE_COMPACT,"大气有限档：爬升后 W + ↓ + Shift 俯冲。","Atmosphere, Limited: climb, then dive with W + Down + Shift."
UI_FLIGHT_LAB_COURSE_INSTRUCTION_RECOVERY_COMPACT,"松开 Boost，按 S + ↑ 刹车拉起。","Release Boost, then hold S + Up to brake and pull up."
UI_FLIGHT_LAB_COURSE_INSTRUCTION_COLLISION_COMPACT,"完成一次擦碰、致命撞击和快速重试。","Try a scrape, a fatal impact, and a quick retry."
UI_FLIGHT_LAB_COURSE_INSTRUCTION_LASER_COMPACT,"L 装激光；短按单发，按住连续开路。","Use L for the laser; tap once, then hold to clear the route."
UI_FLIGHT_LAB_COURSE_INSTRUCTION_ASSIST,"V 切到大气；G 依次体验关闭、有限、无限重力补偿。无限档按 R 后观察悬停与燃料。","Use V for atmosphere and G for Off, Limited, and Unlimited gravity assist. In Unlimited, press R and watch hover and fuel."
UI_FLIGHT_LAB_COURSE_INSTRUCTION_DIVE,"保持大气与有限重力补偿；先爬升，再按 W + ↓ + Shift，直到明显进入高速俯冲。","Stay in atmosphere with Limited gravity assist; climb, then hold W + Down + Shift until the dive is clearly fast."
UI_FLIGHT_LAB_COURSE_INSTRUCTION_RECOVERY,"俯冲后松开 Boost，按 S + ↑，观察能否在撞地前明显收住下降。","After the dive, release Boost and hold S + Up; see whether the descent can be arrested before impact."
UI_FLIGHT_LAB_COURSE_INSTRUCTION_COLLISION,"先低速擦碰，再高速撞击；观察自动重试，并试一次 R 立即重试。","Make one low-speed scrape and one high-speed crash; observe auto-retry, then try an immediate R retry."
UI_FLIGHT_LAB_COURSE_INSTRUCTION_LASER,"按 L 装载激光；短按 F 或鼠标左键验证短光柱，再按住持续击碎小型和大型陨石。","Use L to equip the laser; tap F or left-click for a short beam, then hold a continuous beam against small and large asteroids."
UI_FLIGHT_LAB_COURSE_COMPLETE_TITLE,"路线已体验","Route attempted"
UI_FLIGHT_LAB_COURSE_COMPLETE,"五项动作均已体验；这不是手感评分。请反馈重量、控制、相机与重试节奏。","All five exercises were attempted; this is not a feel grade. Report weight, control, camera, and retry rhythm."
UI_FLIGHT_ASSIST_MODE_OFF,"关闭重力补偿","Gravity Assist Off"
UI_FLIGHT_ASSIST_MODE_LIMITED,"有限重力补偿","Limited Gravity Assist"
UI_FLIGHT_ASSIST_MODE_UNLIMITED,"无限重力补偿","Unlimited Gravity Assist"
UI_FLIGHT_ASSIST_MODE_UNLIMITED_DESCRIPTION,"完全抵消重力，持续消耗燃料。","Fully cancels gravity and continuously consumes fuel."
UI_FLIGHT_HUD_FORWARD_SPEED,"前向 %s","Forward %s"
UI_FLIGHT_HUD_REVERSE_SPEED,"倒车 %s","Reverse %s"
UI_FLIGHT_HUD_MOTION,"%s · 垂直 %s · 俯仰 %s°","%s · Vertical %s · Pitch %s°"
UI_FLIGHT_HUD_ENVIRONMENT_ASSIST,"%s · %s","%s · %s"
UI_FLIGHT_HUD_RESOURCES,"燃料 %d\nBoost %d","Fuel %d\nBoost %d"
UI_FLIGHT_HUD_INTEGRITY,"船体 %d · 护盾 %d\n货物 %d","Hull %d · Shield %d\nCargo %d"
UI_FLIGHT_DEBUG_SPEED,"速度：%.1f px/s","Speed: %.1f px/s"
UI_FLIGHT_DEBUG_VERTICAL_SPEED,"垂直速度：%.1f px/s","Vertical speed: %.1f px/s"
UI_FLIGHT_DEBUG_PITCH,"俯仰：%.1f°","Pitch: %.1f°"
UI_FLIGHT_DEBUG_ANGULAR_VELOCITY,"角速度：%.2f rad/s","Angular velocity: %.2f rad/s"
UI_FLIGHT_DEBUG_ZONE,"区域：%s","Zone: %s"
UI_FLIGHT_DEBUG_ENVIRONMENT,"空气：%d%% · 重力混合：%d%%","Air: %d%% · Gravity blend: %d%%"
UI_FLIGHT_DEBUG_GRAVITY,"有效重力：%.1f px/s²","Effective gravity: %.1f px/s²"
UI_FLIGHT_DEBUG_TERMINAL,"终端下降：预计 %.1f / 保护 %.1f","Terminal fall: natural %.1f / safety %.1f"
UI_FLIGHT_DEBUG_DURABILITY,"船体 %d%% · 护盾 %d%% · 货物 %d%%","Hull %d%% · Shield %d%% · Cargo %d%%"
UI_FLIGHT_DEBUG_FUEL,"燃料：%d%% · 当前消耗：%.1f/s","Fuel: %d%% · Current use: %.1f/s"
UI_FLIGHT_DEBUG_BOOST,"Boost：%d%% · 耗 %.1f/s · 回 %.1f/s","Boost: %d%% · Use %.1f/s · Rec %.1f/s"
UI_FLIGHT_DEBUG_ASSIST,"重力补偿：%s · 请求 %d%% · 有效 %d%%","Gravity assist: %s · requested %d%% · effective %d%%"
UI_FLIGHT_DEBUG_ENTRY_STYLE,"进入：%s · %.1fs · ↓%.0f · 风险%d%% · 景观%d","Entry: %s · %.1fs · down %.0f · risk %d%% · scenic %d"
UI_FLIGHT_ENTRY_STYLE_PENDING,"待进入","Pending"
UI_FLIGHT_ENTRY_STYLE_DIVE,"俯冲","Dive"
UI_FLIGHT_ENTRY_STYLE_GLIDE,"滑翔","Glide"
UI_FLIGHT_ENTRY_STYLE_BALANCED,"常规","Balanced"
UI_FLIGHT_DEBUG_LASER,"激光：%s · %s","Laser: %s · %s"
UI_FLIGHT_LASER_LOADOUT_INSTALLED,"已安装","Installed"
UI_FLIGHT_LASER_LOADOUT_UNINSTALLED,"未安装","Uninstalled"
UI_FLIGHT_LASER_STATE_READY,"就绪","Ready"
UI_FLIGHT_LASER_STATE_COOLDOWN,"冷却 %.2f 秒","Cooldown %.2fs"
UI_FLIGHT_LASER_STATE_UNAVAILABLE,"不可用","Unavailable"
UI_FLIGHT_DEBUG_COLLISION,"碰撞：%s · %.1f px/s","Collision: %s · %.1f px/s"
UI_FLIGHT_DEBUG_CHECKPOINT,"检查点：%s","Checkpoint: %s"
UI_FLIGHT_LAB_ZONE_DEEP_SPACE,"深空","Deep Space"
UI_FLIGHT_LAB_ZONE_RED_SAND_ATMOSPHERE,"赤砂星大气","Red Sand Atmosphere"
UI_FLIGHT_LAB_COLLISION_CLEAR,"无碰撞","Clear"
UI_FLIGHT_LAB_COLLISION_GRAZE,"轻微擦碰","Graze"
UI_FLIGHT_LAB_COLLISION_HARD,"重撞","Hard impact"
UI_FLIGHT_LAB_COLLISION_FATAL,"致命撞击","Fatal impact"
UI_FLIGHT_COMPANY_ALERT_ATTENTION,"！公司终端 · 注意","! COMPANY TERMINAL · ATTENTION"
UI_FLIGHT_COMPANY_ALERT_WARNING,"！！公司终端 · 风险警告","!! COMPANY TERMINAL · RISK WARNING"
UI_FLIGHT_COMPANY_ALERT_CRITICAL,"！！！公司终端 · 严重警告","!!! COMPANY TERMINAL · CRITICAL WARNING"
UI_FLIGHT_COMPANY_WARNING_CARGO_HIGH,"货物完整度 %d%%：避免继续碰撞。公司建议减少与固定资产的交流。","Cargo integrity %d%%: avoid further impacts. The company recommends less contact with fixed assets."
UI_FLIGHT_COMPANY_WARNING_CARGO_MEDIUM,"货物完整度 %d%%：优先保护货物并降低速度。事故表格已提前为你打开。","Cargo integrity %d%%: protect cargo and slow down. Your incident form is already open."
UI_FLIGHT_COMPANY_WARNING_CARGO_LOW,"货物完整度 %d%%：先保住主线，避免再次受损。问责通知将按标准时效送达。","Cargo integrity %d%%: preserve the main delivery and avoid more damage. Accountability will arrive on schedule."
UI_RED_SAND_ROUTE_STAGE_SYSTEM_EDGE,"赤砂星系外缘","Red Sand System Edge"
UI_RED_SAND_ROUTE_STAGE_ASTEROID_LANE,"碎石航道","Debris Lane"
UI_RED_SAND_ROUTE_STAGE_NEAR_ORBIT,"近轨道接近","Near-orbit Approach"
UI_RED_SAND_ROUTE_STAGE_ATMOSPHERE_EDGE,"大气边缘","Atmosphere Edge"
UI_RED_SAND_ROUTE_STAGE_STORM_LAYER,"雷暴中层","Storm Layer"
UI_RED_SAND_ROUTE_STAGE_LOWER_CLOUDS,"低层沙漠与设施","Lower Desert and Facilities"
UI_RED_SAND_ROUTE_STAGE_SURFACE_ROUTE,"低空管制雷达区","Low-altitude Control Radar Zone"
UI_RED_SAND_ROUTE_STAGE_LOW_ALTITUDE_CONTROL,"低层沙漠、设施与低空管制","Lower Desert, Facilities, and Low-altitude Control"
UI_RED_SAND_ROUTE_STAGE_LANDING_PREPARATION,"脱离管制与着陆准备","Radar Clear and Landing Preparation"
UI_RED_SAND_ROUTE_STAGE_LANDING_APPROACH,"最终着陆进场","Final Landing Approach"
UI_RED_SAND_ROUTE_INSTRUCTION_SYSTEM_EDGE,"加速进入目标星系，保持路线总体向右。","Accelerate into the target system and keep the route moving right."
UI_RED_SAND_ROUTE_INSTRUCTION_ASTEROID_LANE,"固定陨石阵列在前方；绕行，或用激光打开直线路径。","Fixed asteroid arrays ahead; detour around them or use the laser to open a direct path."
UI_RED_SAND_ROUTE_INSTRUCTION_NEAR_ORBIT,"保持航向，观察赤砂星逐步占据视野。","Hold course as Red Sand steadily fills the view."
UI_RED_SAND_ROUTE_INSTRUCTION_ATMOSPHERE_EDGE,"重力与阻力正在平滑增加，准备控制下降。","Gravity and drag are rising smoothly; prepare to manage the descent."
UI_RED_SAND_ROUTE_INSTRUCTION_STORM_LAYER,"侧风会持续推移飞船；看见紫白预警柱后立即离开标记区。","Crosswind will keep pushing the ship; leave the marked zone when a violet-white warning column appears."
UI_RED_SAND_ROUTE_INSTRUCTION_LOWER_CLOUDS,"地表与设施正在接近，抬升到管制雷达安全高度。","The surface and facilities are approaching; climb to the control radar safe altitude."
UI_RED_SAND_ROUTE_INSTRUCTION_SURFACE_ROUTE,"低空会触发管制雷达；保持至少 300 m 高度即可安全通过。","Low altitude triggers control radar; stay at or above 300 m to pass safely."
UI_RED_SAND_ROUTE_INSTRUCTION_LOW_ALTITUDE_CONTROL,"低空危险：保持高度至少 300 m。若开始扫描，立即爬升。","Low altitude is dangerous: stay at or above 300 m. Climb immediately if scanning begins."
UI_RED_SAND_ROUTE_INSTRUCTION_LANDING_PREPARATION,"雷达已关闭；保持约 400–800 m 高度，减速、稳定姿态并观察着陆信标。","Radar is offline; hold roughly 400–800 m, slow down, stabilize, and watch the landing beacon."
UI_RED_SAND_ROUTE_INSTRUCTION_LANDING_APPROACH,"从高位观察并对准维修场，逐步减速下降；最后接近时放平船身。","Observe and align with the repair yard from high altitude, then slow and descend gradually; level the ship on final contact."
UI_RED_SAND_ROUTE_HUD_MOTION,"%s · 垂直 %s · 俯仰 %s°\n%s","%s · Vertical %s · Pitch %s°\n%s"
UI_RED_SAND_ROUTE_HUD_NAVIGATION,"距着陆点 %s · 速度 %d m/s · %s","Landing %s · Speed %d m/s · %s"
UI_RED_SAND_ROUTE_ALTITUDE_HIGH,"高度 > 1 km","Altitude > 1 km"
UI_RED_SAND_ROUTE_ALTITUDE_UNAVAILABLE,"高度参考异常","Altitude reference unavailable"
UI_RED_SAND_ROUTE_ALTITUDE_VALUE,"高度 %s","Altitude %s"
UI_RED_SAND_ROUTE_ALTITUDE_MODE_ORBITAL,"轨道","ORBITAL"
UI_RED_SAND_ROUTE_ALTITUDE_MODE_ATMOSPHERE_ENTRY,"大气进入","ATMOSPHERE ENTRY"
UI_RED_SAND_ROUTE_ALTITUDE_MODE_AGL,"当地地表 AGL","LOCAL AGL"
UI_RED_SAND_ROUTE_HUD_SAFETY,"重力补偿：%s · H 完整诊断","Gravity assist: %s · H Full Diagnostics"
UI_RED_SAND_ROUTE_HUD_RADAR_SAFETY,"低空管制雷达：安全高度 ≥ %d m · 当前 %s","Low-altitude control radar: safe altitude ≥ %d m · Current %s"
UI_RED_SAND_ROUTE_HUD_LANDING_BUFFER,"雷达已关闭 · 保持高位 / 减速 / 对准着陆信标","Radar offline · Hold high / slow / align with landing beacon"
UI_RED_SAND_ROUTE_HUD_RESOURCES,"燃 %d · B %d %s · 船/盾/货 %d/%d/%d","Fuel %d · B %d %s · H/S/C %d/%d/%d"
UI_RED_SAND_ROUTE_HUD_STAGE,"赤砂星航线 %d/%d · %s","Red Sand Route %d/%d · %s"
UI_RED_SAND_ROUTE_HUD_PROGRESS,"进度 %d%% · 已用 %.1f 分 · 常规约 %.0f 秒","Progress %d%% · %.1f min elapsed · balanced about %.0f sec"
UI_RED_SAND_ROUTE_DIAGNOSTICS_HINT,"完整诊断（H 收起）","Full Diagnostics (H to close)"
UI_RED_SAND_ROUTE_DIAGNOSTICS_MOTION,"运动 %.1f / 垂直 %.1f px/s · 俯仰 %.1f° / 角速 %.2f","Motion %.1f / vertical %.1f px/s · Pitch %.1f° / angular %.2f"
UI_RED_SAND_ROUTE_DIAGNOSTICS_ENVIRONMENT,"环境 %s · 密度/重力 %d%%/%d%%","Environment %s · Density/gravity %d%%/%d%%"
UI_RED_SAND_ROUTE_DIAGNOSTICS_PROPULSION,"燃 %d（%.2f/s）· B %d（%.1f/s / +%.1f/s）","Fuel %d (%.2f/s) · B %d (%.1f/s / +%.1f/s)"
UI_RED_SAND_ROUTE_DIAGNOSTICS_ROUTE,"航段 %d/%d · x %.0f · 着陆 %s · %s","Stage %d/%d · x %.0f · Landing %s · %s"
UI_RED_SAND_ROUTE_DIAGNOSTICS_ALTITUDE,"高度 %s · 虚拟 %.0f · 地形 %.0f · %s","Altitude %s · Virtual %.0f · Terrain %.0f · %s"
UI_RED_SAND_ROUTE_DIAGNOSTICS_ALTITUDE_SOURCE,"高度源 %s · %s · 射线 %.0f · 剖面 %.0f · 最终 %.0f","Altitude source %s · %s · Ray %.0f · Profile %.0f · Final %.0f"
UI_RED_SAND_ROUTE_DIAGNOSTICS_VERTICAL_FRAME,"垂直坐标 船Y %.1f · 地面Y %.1f · AGL %.1f · 段 %s · 混合 %.2f · 失效 %.2fs · 双源差 %.1f","Vertical frame Ship Y %.1f · Ground Y %.1f · AGL %.1f · Segment %s · Blend %.2f · Invalid %.2fs · Source delta %.1f"
UI_RED_SAND_ROUTE_DIAGNOSTICS_GROUND,"地表节点 %s · %s · 失败 %s","Ground node %s · %s · Failure %s"
UI_RED_SAND_ROUTE_DIAGNOSTICS_COLLIDER,"最近碰撞 航段 %d · %s · 层/掩码 %d/%d · 法线 %s · %s","Last collision Stage %d · %s · Layer/mask %d/%d · Normal %s · %s"
UI_RED_SAND_ROUTE_TERRAIN_HIT,"有效","VALID"
UI_RED_SAND_ROUTE_TERRAIN_MISS,"无","NONE"
UI_RED_SAND_ROUTE_DIAGNOSTICS_RADAR,"雷达诊断：%s · 风险 %d%%","Radar diagnostics: %s · Risk %d%%"
UI_RED_SAND_ROUTE_BOOST_READY,"待命","READY"
UI_RED_SAND_ROUTE_BOOST_ACTIVE,"BOOST","BOOST"
UI_RED_SAND_ROUTE_STATUS_ASSIST,"重力补偿：%s","Gravity compensation: %s"
UI_FLIGHT_CONTROLS_TITLE,"飞行控制","FLIGHT CONTROLS"
UI_FLIGHT_CONTROLS_INTRO,"阅读期间飞行与危险已暂停。按 E、Enter 或下方按钮开始。","Flight and hazards are paused while you read. Press E, Enter, or the button below to begin."
UI_FLIGHT_CONTROLS_CORE,"W：推进 · S：刹车 / 有限倒车\n↑ / ↓：俯仰 · Shift：Boost\nF / 鼠标左键：激光炮 · R：检查点重试\nC：显示 / 隐藏控制帮助","W: Thrust · S: Brake / limited reverse\nUp / Down: Pitch · Shift: Boost\nF / Left Mouse: Laser · R: Retry checkpoint\nC: Show / hide controls"
UI_FLIGHT_CONTROLS_LASER_INSTALLED,"激光模块：已安装 · F 可用","Laser module: INSTALLED · F available"
UI_FLIGHT_CONTROLS_LASER_UNINSTALLED,"激光模块：未安装 · F 当前不可用","Laser module: NOT INSTALLED · F unavailable"
UI_FLIGHT_CONTROLS_ASSIST_HEADING,"飞行辅助显示","FLIGHT ASSIST DISPLAY"
UI_FLIGHT_CONTROLS_ROUTE_HINTS,"路线提示","Route guidance"
UI_FLIGHT_CONTROLS_HIGH_CONTRAST,"高对比度地形","High-contrast terrain"
UI_FLIGHT_CONTROLS_SETTING_FORMAT,"%s：%s","%s: %s"
UI_FLIGHT_CONTROLS_SETTING_ON,"已开启","ON"
UI_FLIGHT_CONTROLS_SETTING_OFF,"已关闭","OFF"
UI_FLIGHT_CONTROLS_SETTINGS_READY,"可在此立即切换；设置会自动保存。","Toggle here at any time; changes save automatically."
UI_FLIGHT_CONTROLS_SETTINGS_UNAVAILABLE,"本机辅助设置暂不可用。","Local assist settings are unavailable."
UI_FLIGHT_CONTROLS_SETTING_SAVED,"%s：%s · 已保存","%s: %s · saved"
UI_FLIGHT_CONTROLS_SETTING_SAVE_FAILED,"设置保存失败；本次显示状态可能不会保留。","Settings save failed; this display state may not persist."
UI_FLIGHT_CONTROLS_TEST_HEADING,"仅测试模式","TEST MODE ONLY"
UI_FLIGHT_CONTROLS_TEST,"H：完整诊断 HUD · G：切换重力补偿\nL：安装 / 卸载激光模块 · Tab：路线详情","H: Full diagnostics · G: Cycle gravity compensation\nL: Install / remove laser module · Tab: Route details"
UI_FLIGHT_CONTROLS_START,"开始飞行","START FLIGHT"
UI_FLIGHT_CONTROLS_HINT,"C 操作说明 · H 诊断","C Controls · H Diagnostics"
UI_RED_SAND_ROUTE_STATUS_STAGE,"进入阶段：%s","Entering stage: %s"
UI_RED_SAND_ROUTE_STATUS_RESTORED,"已返回检查点：%s","Restored checkpoint: %s"
UI_RED_SAND_ROUTE_STATUS_AUTO_RETRY,"已自动返回检查点：%s","Automatically restored checkpoint: %s"
UI_RED_SAND_ROUTE_STATUS_FAILURE,"%s；%.2f 秒后自动重试，按 R 可立即重试。","%s; automatic retry in %.2fs, or press R now."
UI_RED_SAND_LANDING_PAD_LABEL,"居民维修场 · 交付着陆区","Resident Repair Yard · Delivery Pad"
UI_RED_SAND_LANDING_GUIDANCE_APPROACH,"对准维修场","Align with repair yard"
UI_RED_SAND_LANDING_GUIDANCE_SLOW,"速度过高，继续减速","Too fast; keep slowing"
UI_RED_SAND_LANDING_GUIDANCE_LEVEL,"姿态过大，把船身放平","Pitch too steep; level the ship"
UI_RED_SAND_LANDING_GUIDANCE_READY,"条件可接受，保持下降","Conditions acceptable; continue descent"
UI_RED_SAND_LANDING_HUD,"着陆：%s\n水平 %d/%d · 下降 %d/%d · 姿态 %d°/%d°","Landing: %s\nHorizontal %d/%d · Descent %d/%d · Pitch %d°/%d°"
UI_RED_SAND_LANDING_FAILURE,"着陆冲击过大，飞船失控","Landing impact exceeded safe limits"
UI_RED_SAND_LANDING_MISSED_APPROACH_FAILURE,"已错过着陆平台，正在返回进场检查点","Landing pad missed; returning to the approach checkpoint"
UI_RED_SAND_LANDING_RESULT_SMOOTH,"老皮：漂亮。货物完整度 %d%%，这次公司只能表扬我们。","Lao Pi: Clean. Cargo integrity %d%%; the company may have to praise us."
UI_RED_SAND_LANDING_RESULT_ROUGH,"老皮：落地了。货物完整度 %d%%，把它叫作有控制的接触。","Lao Pi: We're down. Cargo integrity %d%%; call it controlled contact."
UI_RED_SAND_ARRIVAL_LANDING_SMOOTH,"平稳着陆 · 货物完整度 %d%%","Smooth landing · cargo integrity %d%%"
UI_RED_SAND_ARRIVAL_LANDING_ROUGH,"勉强着陆 · 货物完整度 %d%%","Rough landing · cargo integrity %d%%"
UI_RED_SAND_ARRIVAL_LOCATION,"赤砂星 · 居民维修场","Red Sand · Resident Repair Yard"
UI_RED_SAND_ARRIVAL_SCOPE,"小型目的地区域 · 维修棚与记录终端","Small destination area · Repair shed and record terminal"
UI_RED_SAND_ARRIVAL_OBJECTIVE_EXPLORE,"在维修场看看；准备好后到返航信标结算 · E 互动","Look around the yard; use the return beacon when ready · E to interact"
UI_RED_SAND_ARRIVAL_OBJECTIVE_RETURNING,"正在确认交付并连接公司结算……","Confirming delivery and connecting to company settlement..."
UI_RED_SAND_ARRIVAL_INTERACT_TECHNICIAN,"和伊娅聊聊","Talk to Iya"
UI_RED_SAND_ARRIVAL_INTERACT_RECORD,"查看订单记录终端","Inspect the order record terminal"
UI_RED_SAND_ARRIVAL_INTERACT_RETURN,"确认交付并返航","Confirm delivery and return"
UI_RED_SAND_ARRIVAL_RECORD_LABEL,"配额记录终端","Quota Record Terminal"
UI_RED_SAND_ARRIVAL_RETURN_LABEL,"返航信标","Return Beacon"
UI_RED_SAND_ARRIVAL_RECORD_DETAIL,"记录对照：冷却与净水订单被重写为“工业配额异常”；实际管线通向工人住区，而不是公司仓库。","Record comparison: cooling and water orders were rewritten as “industrial quota anomalies”; the actual line serves worker housing, not the company depot."
UI_RED_SAND_ARRIVAL_STATUS_OPTIONAL_TALK,"伊娅回到泵组旁，继续核对密封与风季维护表。","Iya returns to the pump bank and resumes checking seals and wind-season maintenance sheets."
UI_RED_SAND_ARRIVAL_STATUS_RETURN_ERROR,"返航链路没有响应；订单结果仍在，可再次使用信标。","The return link did not respond; the order result remains available, so try the beacon again."
UI_RED_SAND_HAZARD_LIGHTNING_WARNING,"雷击预警：%.1f 秒后命中预测航迹；锁定后用 Boost 或急刹脱离。","Lightning warning: predicted path strikes in %.1f seconds; Boost or brake hard after lock."
UI_RED_SAND_HAZARD_LIGHTNING_WARNING_SLOW,"雷击预警：%.1f 秒后命中预测航迹；锁定后变速脱离，慢动作辅助已启用。","Lightning warning: predicted path strikes in %.1f seconds; change speed after lock; slow motion active."
UI_RED_SAND_HAZARD_LIGHTNING_HIT,"雷击命中：护盾 -%d · 船体 -%d · 货物 -%d。","Lightning hit: Shield -%d · Hull -%d · Cargo -%d."
UI_RED_SAND_HAZARD_LIGHTNING_AVOIDED,"雷击落空：已离开标记区。","Lightning missed: marked zone cleared."
UI_RED_SAND_HAZARD_LIGHTNING_FAILURE,"雷击导致飞船失控","Lightning disabled the ship"
UI_RED_SAND_RADAR_STATE_LOW_PROFILE,"低空管制雷达：当前高度安全","Low-altitude control radar: altitude safe"
UI_RED_SAND_RADAR_STATE_TRACKING,"低空管制雷达：高度过低，正在扫描","Low-altitude control radar: altitude low, scanning"
UI_RED_SAND_RADAR_STATE_COVERED,"低空管制雷达：已爬升，扫描解除","Low-altitude control radar: climbed clear"
UI_RED_SAND_RADAR_STATE_LOCKED,"低空管制雷达：已锁定，立即爬升","Low-altitude control radar: locked, climb now"
UI_RED_SAND_RADAR_STATE_LANDING_BUFFER,"低空管制雷达：已关闭","Low-altitude control radar: offline"
UI_RED_SAND_RADAR_STATE_CLEAR,"安全","SAFE"
UI_RED_SAND_RADAR_STATE_LOW_ALTITUDE_WARNING,"正在被扫描","SCANNING"
UI_RED_SAND_RADAR_STATE_PULSE,"脉冲命中","PULSE HIT"
UI_RED_SAND_RADAR_STATE_COOLDOWN,"脉冲冷却","COOLDOWN"
UI_RED_SAND_RADAR_NOTICE_TRACKING,"老皮：高度太低，管制雷达开始扫描。抬高船头。","Lao Pi: Too low. Control radar is scanning; pitch up."
UI_RED_SAND_RADAR_NOTICE_LOCKED,"飞船系统：低空雷达已锁定。立即爬升到 300 m 以上。","Ship system: low-altitude radar locked. Climb above 300 m now."
UI_RED_SAND_RADAR_NOTICE_LOST,"飞船系统：已恢复安全高度，雷达锁定解除。","Ship system: safe altitude restored; radar lock released."
UI_RED_SAND_RADAR_LOCK_CONSEQUENCE,"低空雷达脉冲命中：护盾 -%d · 船体 -%d · 货物 -%d；保持 300 m 以上可避免。","Low-altitude radar pulse: Shield -%d · Hull -%d · Cargo -%d; stay above 300 m to avoid it."
UI_RED_SAND_RADAR_LOCK_FAILURE,"低空雷达脉冲导致飞船失控","A low-altitude radar pulse disabled the ship"
ENVIRONMENT_WHITE_NOISE_PLACEHOLDER_NAME,"白噪星环境参数占位","White Noise Environment Placeholder"
ENVIRONMENT_CANOPY_WORLD_PLACEHOLDER_NAME,"穹林星环境参数占位","Canopy World Environment Placeholder"
ENVIRONMENT_TIDAL_ARCHIPELAGO_PLACEHOLDER_NAME,"群潮星环境参数占位","Tidal Archipelago Environment Placeholder"
PLANET_WHITE_NOISE_NAME_PROVISIONAL,"白噪星","White Noise"
PLANET_WHITE_NOISE_DESCRIPTION,"被电磁暴雪覆盖的冰封星球；地下档案文明把记忆保存视为公共基础设施。","An icebound planet under electromagnetic blizzards, where an underground archive civilization treats memory preservation as public infrastructure."
PLANET_CANOPY_WORLD_NAME_PROVISIONAL,"穹林星","Canopy World"
PLANET_CANOPY_WORLD_DESCRIPTION,"城市与航路生长在巨树树冠之间；运输窗口受孢子、生物迁徙和生态关系影响。","Cities and routes grow among giant canopies, with transport windows shaped by spores, migrations, and ecological ties."
PLANET_TIDAL_ARCHIPELAGO_NAME_PROVISIONAL,"群潮星","Tidal Archipelago"
PLANET_TIDAL_ARCHIPELAGO_DESCRIPTION,"岛屿城邦依靠天气塔维持航路；横风、潮汐与控制权共同决定公共安全。","Island city-states rely on weather towers for safe routes, while crosswinds, tides, and control rights shape public safety."
MODULE_HIGH_VOLTAGE_SHIELDING_NAME,"特高压电屏蔽罩","High-Voltage Shielding"
MODULE_HIGH_VOLTAGE_SHIELDING_DESCRIPTION,"提供进入白噪星电磁暴雪航路所需的屏蔽能力；具体效果由后续关卡任务实现。","Provides the shielding capability required for White Noise electromagnetic routes; route effects arrive in a later task."
MODULE_BIOSIGNAL_ISOLATION_NAME,"生物信号隔离舱","Biosignal Isolation Bay"
MODULE_BIOSIGNAL_ISOLATION_DESCRIPTION,"降低货物信号吸引穹林生物的风险，但不会完全消除生态压力。","Reduces the risk of cargo signals attracting Canopy wildlife without removing ecological pressure."
MODULE_CROSSWIND_STABILIZER_NAME,"横风稳定器","Crosswind Stabilizer"
MODULE_CROSSWIND_STABILIZER_DESCRIPTION,"降低群潮星横风扰动，不自动修正路线或替代玩家判断。","Reduces Tidal crosswind disturbance without steering the route or replacing player judgment."
CHARACTER_WHITE_NOISE_ARCHIVIST_NAME_PROVISIONAL,"弥珥","Mier"
CHARACTER_WHITE_NOISE_ARCHIVIST_ROLE,"白噪星档案维护者","White Noise Archive Maintainer"
CHARACTER_WHITE_NOISE_MEMORY_OWNER_NAME_PROVISIONAL,"诺芮","Norei"
CHARACTER_WHITE_NOISE_MEMORY_OWNER_ROLE,"私人记忆持有人代理","Private Memory Owner's Representative"
CHARACTER_CANOPY_ROUTE_KEEPER_NAME_PROVISIONAL,"苔音","Taiyin"
CHARACTER_CANOPY_ROUTE_KEEPER_ROLE,"穹林树冠航路协调者","Canopy Route Coordinator"
CHARACTER_CANOPY_CLINIC_WORKER_NAME_PROVISIONAL,"芽洛","Yalo"
CHARACTER_CANOPY_CLINIC_WORKER_ROLE,"穹林树冠诊疗点工作人员","Canopy Clinic Worker"
CHARACTER_TIDAL_WEATHER_KEEPER_NAME_PROVISIONAL,"娜茵","Nayin"
CHARACTER_TIDAL_WEATHER_KEEPER_ROLE,"群潮天气塔维护者","Tidal Weather-Tower Maintainer"
CHARACTER_TIDAL_CITY_REPRESENTATIVE_NAME_PROVISIONAL,"维澜","Weilan"
CHARACTER_TIDAL_CITY_REPRESENTATIVE_ROLE,"群潮航路同盟代表","Tidal Route Compact Representative"
CHARACTER_COMPANY_ARCHIVE_SERVICE_NAME_PROVISIONAL,"公司档案服务","Company Archive Service"
CHARACTER_COMPANY_ARCHIVE_SERVICE_ROLE,"远程档案服务接口","Remote Archive Service Interface"
CHARACTER_COMPANY_WEATHER_CUSTODIAN_NAME_PROVISIONAL,"公司天气托管服务","Company Weather Custodian"
CHARACTER_COMPANY_WEATHER_CUSTODIAN_ROLE,"远程天气托管接口","Remote Weather Custody Interface"
CARGO_RELAY_PATTERN_SHIELDING_MATERIALS_NAME_PROVISIONAL,"中继纹屏蔽材料","Relay-Pattern Shielding Materials"
CARGO_RELAY_PATTERN_SHIELDING_MATERIALS_COMPANY_DESCRIPTION,"用于设备兼容性复核的非标准屏蔽补件；强烈碰撞可能破坏层间结构。","Nonstandard shielding parts for an equipment compatibility review; heavy impact may damage the layered structure."
CARGO_RELAY_PATTERN_SHIELDING_MATERIALS_STORY_DESCRIPTION,"材料纹路依据旧中继铭牌制作，实际用于改造玩家飞船的高压电防护。","The pattern follows the old relay plaque and is actually intended to retrofit the courier ship against high-voltage interference."
CARGO_WHITE_NOISE_ARCHIVE_CORE_NAME_PROVISIONAL,"记忆索引冷核","Memory Index Cryocore"
CARGO_WHITE_NOISE_ARCHIVE_CORE_COMPANY_DESCRIPTION,"恢复档案服务的标准核心组件；需避免强烈冲击与无屏蔽电磁暴露。","A standard core component for restoring archive service; protect it from heavy impact and unshielded electromagnetic exposure."
CARGO_WHITE_NOISE_ARCHIVE_CORE_STORY_DESCRIPTION,"组件不仅修复索引，也可能决定公司是否获得档案层批量访问接口。","The component repairs an index but may also determine whether the company receives bulk archive access."
CARGO_CANOPY_ECOLOGY_SAMPLE_NAME_PROVISIONAL,"菌根迁徙样本舱","Mycorrhizal Migration Sample Bay"
CARGO_CANOPY_ECOLOGY_SAMPLE_COMPANY_DESCRIPTION,"标准生态研究样本；需控制冲击并隔离外泄信号。","A standard ecological research sample requiring controlled impact and isolated emissions."
CARGO_CANOPY_ECOLOGY_SAMPLE_STORY_DESCRIPTION,"样本关系到幼林病害隔离和迁徙窗口，其气味与信号会吸引本地生物。","The sample affects juvenile-grove disease isolation and migration windows, and its scent and signals attract local wildlife."
CARGO_TIDAL_WEATHER_CONTROL_CORE_NAME_PROVISIONAL,"天气塔共识钥","Weather-Tower Consensus Key"
CARGO_TIDAL_WEATHER_CONTROL_CORE_COMPANY_DESCRIPTION,"恢复跨城邦天气服务的标准控制组件；需避免盐雾放电与剧烈撞击。","A standard control component for restoring inter-city weather service; protect it from salt-spray discharge and heavy impact."
CARGO_TIDAL_WEATHER_CONTROL_CORE_STORY_DESCRIPTION,"组件的授权模式会决定谁能控制塔网、航路数据和天气窗口。","Its authorization mode determines who controls the tower network, route data, and weather windows."
CARGO_RETURNED_MEMORY_CASE_NAME_PROVISIONAL,"被退回的记忆盒","Returned Memory Case"
CARGO_RETURNED_MEMORY_CASE_COMPANY_DESCRIPTION,"因授权记录不完整而退回的私人档案容器；外壳抗冲击能力有限。","A private archive container returned for incomplete authorization records, with limited impact protection."
CARGO_RETURNED_MEMORY_CASE_STORY_DESCRIPTION,"持有人只要求归还，不希望公司为家庭记录建立商业索引。","The owner asks only for its return and does not want a commercial index built for the family record."
CARGO_CANOPY_SPORE_STABILIZER_NAME_PROVISIONAL,"孢子稳定剂舱","Spore Stabilizer Bay"
CARGO_CANOPY_SPORE_STABILIZER_COMPANY_DESCRIPTION,"供树冠诊疗点使用的生态稳定剂；必须在指定接收环完成低空投放。","An ecological stabilizer for a canopy clinic, to be delivered through its designated low-altitude receiving ring."
CARGO_CANOPY_SPORE_STABILIZER_STORY_DESCRIPTION,"货物用于处理孢子季呼吸问题，其信号会轻度吸引迁徙生物。","The cargo treats spore-season respiratory problems, while its signal mildly attracts migrating wildlife."
CARGO_TIDAL_BEACON_CELLS_NAME_PROVISIONAL,"民用航标电池组","Civilian Beacon Cells"
CARGO_TIDAL_BEACON_CELLS_COMPANY_DESCRIPTION,"用于恢复普通客运与渔业航标的耐候电池组。","Weatherproof cells for restoring navigation beacons used by civilian ferries and fishing routes."
CARGO_TIDAL_BEACON_CELLS_STORY_DESCRIPTION,"维护队的补给长期排在天气塔核心之后；下一段风墙前需要完成交付。","The maintenance crew's supplies have long ranked below tower cores, and delivery is needed before the next wind wall."
ORDER_M1_RED_SAND_SHIELDING_RETROFIT_NAME_PROVISIONAL,"旧铭牌的新外壳","A New Shell for the Old Plaque"
ORDER_M1_RED_SAND_SHIELDING_RETROFIT_HISTORY_01,"伊娅持续维护首单涉及的居民冷却与净水管线。","Iya continues maintaining the residential cooling and water lines from the first delivery."
ORDER_M1_RED_SAND_SHIELDING_RETROFIT_HISTORY_02,"旧中继铭牌的纹路与公司现行设备标准不一致。","The old relay plaque's pattern does not match current company equipment standards."
ORDER_M1_RED_SAND_SHIELDING_RETROFIT_HISTORY_03,"公司将本次改装登记为设备兼容性复核。","The company has filed this retrofit as an equipment compatibility review."
ORDER_M1_WHITE_NOISE_ARCHIVE_CORE_NAME_PROVISIONAL,"白噪中的索引","An Index in White Noise"
ORDER_M1_WHITE_NOISE_ARCHIVE_CORE_HISTORY_01,"档案层的一组关键索引在电磁暴雪后失效。","A critical archive index failed after an electromagnetic blizzard."
ORDER_M1_WHITE_NOISE_ARCHIVE_CORE_HISTORY_02,"当地维护者要求恢复服务时保留最小访问原则。","Local maintainers require minimum-access rules during restoration."
ORDER_M1_WHITE_NOISE_ARCHIVE_CORE_HISTORY_03,"公司希望把修复接口并入跨文明档案服务。","The company wants the repair interface folded into its inter-civilization archive service."
ORDER_M1_CANOPY_ECOLOGY_CARGO_NAME_PROVISIONAL,"迁徙季的陌生气味","A Strange Scent in Migration Season"
ORDER_M1_CANOPY_ECOLOGY_CARGO_HISTORY_01,"幼林病害隔离窗口与本季生物迁徙路线重叠。","A juvenile-grove isolation window overlaps this season's wildlife migration."
ORDER_M1_CANOPY_ECOLOGY_CARGO_HISTORY_02,"树冠航路协调者要求外来货物申报生物信号。","The canopy route coordinator requires biosignal declarations for incoming cargo."
ORDER_M1_CANOPY_ECOLOGY_CARGO_HISTORY_03,"公司将样本归类为普通生态研究货物。","The company classifies the sample as ordinary ecological research cargo."
ORDER_M1_TIDAL_WEATHER_CORE_NAME_PROVISIONAL,"把风交给谁","Who Holds the Wind"
ORDER_M1_TIDAL_WEATHER_CORE_HISTORY_01,"天气塔故障正在压缩岛链之间的安全航行窗口。","Weather-tower failures are shrinking safe travel windows between islands."
ORDER_M1_TIDAL_WEATHER_CORE_HISTORY_02,"多个城邦与联盟对控制接口提出不同方案。","Several city-states and alliances propose different control arrangements."
ORDER_M1_TIDAL_WEATHER_CORE_HISTORY_03,"公司提出临时托管并要求获得航路数据访问权。","The company offers temporary custody in exchange for route-data access."
SIDE_WHITE_NOISE_RETURNED_MEMORY_NAME_PROVISIONAL,"被退回的记忆盒","The Returned Memory Case"
SIDE_WHITE_NOISE_RETURNED_MEMORY_HISTORY_01,"记忆盒来自一户已经迁出档案层的家庭。","The memory case belongs to a family that moved away from the archive layer."
SIDE_WHITE_NOISE_RETURNED_MEMORY_HISTORY_02,"公司曾建议将它转入商业托管。","The company previously suggested transferring it into commercial custody."
SIDE_WHITE_NOISE_RETURNED_MEMORY_HISTORY_03,"持有人多次要求只归还，不建立公开索引。","The owner repeatedly requested return without a public index."
SIDE_CANOPY_SPORE_DROP_NAME_PROVISIONAL,"孢子季急投","Spore-Season Drop"
SIDE_CANOPY_SPORE_DROP_HISTORY_01,"树冠诊疗点无法为普通飞船提供安全着陆面。","The canopy clinic cannot provide a safe landing surface for a standard ship."
SIDE_CANOPY_SPORE_DROP_HISTORY_02,"自动货运会扰动孢子流和迁徙生物。","Automated freight would disturb spore flows and migrating wildlife."
SIDE_CANOPY_SPORE_DROP_HISTORY_03,"固定接收环允许一次宽容的低空释放。","A fixed receiving ring allows a forgiving low-altitude release."
SIDE_TIDAL_BEACON_BEFORE_EYE_NAME_PROVISIONAL,"风眼前的灯","A Light Before the Eye"
SIDE_TIDAL_BEACON_BEFORE_EYE_HISTORY_01,"民用航标服务普通客运与渔业航线。","The civilian beacons serve ferry and fishing routes."
SIDE_TIDAL_BEACON_BEFORE_EYE_HISTORY_02,"维护队预算长期低于天气塔核心项目。","The maintenance crew's budget has long ranked below weather-tower core work."
SIDE_TIDAL_BEACON_BEFORE_EYE_HISTORY_03,"下一段风墙到来前仍有一段宽松交付窗口。","A forgiving delivery window remains before the next wind wall."
CODEX_PLANET_RED_SAND_TITLE,"赤砂星","Red Sand"
CODEX_PLANET_RED_SAND_DESCRIPTION,"低水资源沙漠殖民地；居民维修系统与公司配额记录之间存在长期矛盾。","A low-water desert colony where resident maintenance needs conflict with company quota records."
CODEX_CHARACTER_IYA_TITLE,"伊娅","Iya"
CODEX_CHARACTER_IYA_DESCRIPTION,"负责居民冷却与净水系统的维护者，也是旧中继铭牌的保管人之一。","A maintainer of residential cooling and water systems, and one custodian of the old relay plaque."
CODEX_SOUVENIR_OLD_RELAY_PLAQUE_TITLE,"旧中继铭牌","Old Relay Plaque"
CODEX_SOUVENIR_OLD_RELAY_PLAQUE_DESCRIPTION,"从赤砂维修场带回的旧铭牌，其协议纹路早于公司现行标准。","An old plaque from the Red Sand repair yard whose protocol pattern predates current company standards."
CODEX_CARGO_RELAY_PATTERN_SHIELDING_MATERIALS_TITLE_PROVISIONAL,"中继纹屏蔽材料","Relay-Pattern Shielding Materials"
CODEX_CARGO_RELAY_PATTERN_SHIELDING_MATERIALS_DESCRIPTION,"依据旧铭牌结构制作的屏蔽层，用于飞船高压电防护改装。","Shielding layers patterned after the old plaque for a high-voltage ship retrofit."
CODEX_PLANET_WHITE_NOISE_TITLE_PROVISIONAL,"白噪星","White Noise"
CODEX_PLANET_WHITE_NOISE_DESCRIPTION,"冰下文明以记忆保存为公共设施，也争论访问、删除与长期保留的权利。","An under-ice civilization treats memory preservation as infrastructure while debating access, deletion, and long-term retention."
CODEX_CHARACTER_WHITE_NOISE_ARCHIVIST_TITLE_PROVISIONAL,"弥珥","Mier"
CODEX_CHARACTER_WHITE_NOISE_ARCHIVIST_DESCRIPTION,"负责恢复失效索引，同时反对未经授权的商业批量访问。","An archive maintainer restoring a failed index while resisting unauthorized commercial bulk access."
CODEX_CARGO_WHITE_NOISE_ARCHIVE_CORE_TITLE_PROVISIONAL,"记忆索引冷核","Memory Index Cryocore"
CODEX_CARGO_WHITE_NOISE_ARCHIVE_CORE_DESCRIPTION,"既能修复档案索引，也携带关于访问权的技术选择。","A core that repairs an archive index while carrying technical choices about access rights."
CODEX_CHARACTER_WHITE_NOISE_MEMORY_OWNER_TITLE_PROVISIONAL,"诺芮","Norei"
CODEX_CHARACTER_WHITE_NOISE_MEMORY_OWNER_DESCRIPTION,"代表家人取回私人记录，并要求归还不等于公开。","A representative reclaiming family records and insisting that return does not mean publication."
CODEX_CARGO_RETURNED_MEMORY_CASE_TITLE_PROVISIONAL,"被退回的记忆盒","Returned Memory Case"
CODEX_CARGO_RETURNED_MEMORY_CASE_DESCRIPTION,"因授权记录不完整而被退回的私人档案容器。","A private archive container returned because its authorization record was incomplete."
CODEX_PLANET_CANOPY_WORLD_TITLE_PROVISIONAL,"穹林星","Canopy World"
CODEX_PLANET_CANOPY_WORLD_DESCRIPTION,"巨树树冠承载城市、航路和迁徙窗口，外来物流必须面对生态关系。","Giant canopies carry cities, routes, and migration windows, requiring off-world logistics to respect ecological ties."
CODEX_CHARACTER_CANOPY_ROUTE_KEEPER_TITLE_PROVISIONAL,"苔音","Taiyin"
CODEX_CHARACTER_CANOPY_ROUTE_KEEPER_DESCRIPTION,"根据风、孢子和生物叫声协调树冠航线与幼林隔离。","A route keeper coordinating canopy lanes and grove isolation by wind, spores, and wildlife calls."
CODEX_CARGO_CANOPY_ECOLOGY_SAMPLE_TITLE_PROVISIONAL,"菌根迁徙样本舱","Mycorrhizal Migration Sample Bay"
CODEX_CARGO_CANOPY_ECOLOGY_SAMPLE_DESCRIPTION,"关系到幼林病害隔离的生态样本，其信号会吸引本地生物。","An ecological sample tied to juvenile-grove disease isolation whose signals attract local wildlife."
CODEX_CHARACTER_CANOPY_CLINIC_WORKER_TITLE_PROVISIONAL,"芽洛","Yalo"
CODEX_CHARACTER_CANOPY_CLINIC_WORKER_DESCRIPTION,"处理孢子季呼吸问题并负责诊疗点低空接收环。","A clinic worker treating spore-season respiratory problems and operating the low-altitude receiving ring."
CODEX_CARGO_CANOPY_SPORE_STABILIZER_TITLE_PROVISIONAL,"孢子稳定剂舱","Spore Stabilizer Bay"
CODEX_CARGO_CANOPY_SPORE_STABILIZER_DESCRIPTION,"供狭窄树冠诊疗点使用的生态与医疗稳定剂。","An ecological and medical stabilizer for a clinic in the narrow canopy."
CODEX_PLANET_TIDAL_ARCHIPELAGO_TITLE_PROVISIONAL,"群潮星","Tidal Archipelago"
CODEX_PLANET_TIDAL_ARCHIPELAGO_DESCRIPTION,"共享天气塔技术的岛屿城邦把公共航路、安全与控制权绑在同一网络上。","Island city-states sharing weather-tower technology bind public routes, safety, and control to one network."
CODEX_CHARACTER_TIDAL_WEATHER_KEEPER_TITLE_PROVISIONAL,"娜茵","Nayin"
CODEX_CHARACTER_TIDAL_WEATHER_KEEPER_DESCRIPTION,"维护民用航路与天气塔，关注被主航线遗忘的小岛。","A weather-tower maintainer protecting civilian routes and islands overlooked by major lanes."
CODEX_CARGO_TIDAL_WEATHER_CONTROL_CORE_TITLE_PROVISIONAL,"天气塔共识钥","Weather-Tower Consensus Key"
CODEX_CARGO_TIDAL_WEATHER_CONTROL_CORE_DESCRIPTION,"恢复塔网的控制组件，其授权模式决定航路与天气数据的管理者。","A tower-network control component whose authorization mode determines who manages routes and weather data."
CODEX_CHARACTER_TIDAL_CITY_REPRESENTATIVE_TITLE_PROVISIONAL,"维澜","Weilan"
CODEX_CHARACTER_TIDAL_CITY_REPRESENTATIVE_DESCRIPTION,"理解集中调度效率，也要求说明公开监督与控制权的代价。","A route-alliance representative who understands centralized efficiency while demanding accountability for control."
CODEX_CARGO_TIDAL_BEACON_CELLS_TITLE_PROVISIONAL,"民用航标电池组","Civilian Beacon Cells"
CODEX_CARGO_TIDAL_BEACON_CELLS_DESCRIPTION,"在风墙到来前恢复普通客运和渔业航标的耐候电池。","Weatherproof cells restoring ferry and fishing beacons before the next wind wall."
SOUVENIR_OLD_RELAY_PLAQUE_NAME,"旧中继铭牌","Old Relay Plaque"
SOUVENIR_OLD_RELAY_PLAQUE_DESCRIPTION,"维修场交给玩家保存的旧铭牌，表面留有无法归入公司标准的中继纹路。","An old plaque entrusted to the courier, bearing relay patterns outside company standards."
SOUVENIR_WHITE_NOISE_FROST_INDEX_NAME_PROVISIONAL,"霜纹索引片","Frost-Pattern Index Shard"
SOUVENIR_WHITE_NOISE_FROST_INDEX_DESCRIPTION,"档案维护者留下的只读索引片，霜纹会随附近设备声响变化。","A read-only index shard whose frost pattern shifts with nearby machinery sounds."
SOUVENIR_CANOPY_ROUTE_CHIME_NAME_PROVISIONAL,"树冠航路风铃","Canopy Route Chime"
SOUVENIR_CANOPY_ROUTE_CHIME_DESCRIPTION,"用迁徙季安全航路材料编成的小风铃，只在合适风向下发声。","A small chime woven from safe-route materials that sounds only in the right wind."
SOUVENIR_TIDAL_WEATHER_VANE_NAME_PROVISIONAL,"天气塔微型风向标","Weather-Tower Miniature Vane"
SOUVENIR_TIDAL_WEATHER_VANE_DESCRIPTION,"维护队制作的微型风向标，刻着一条普通民用航路的编号。","A miniature vane made by the maintenance crew and marked with a civilian route number."
